-- phpMyAdmin SQL Dump
-- version 5.2.0
-- https://www.phpmyadmin.net/
--
-- Host: 127.0.0.1
-- Generation Time: May 04, 2025 at 04:17 PM
-- Server version: 10.4.27-MariaDB
-- PHP Version: 7.4.33

SET SQL_MODE = "NO_AUTO_VALUE_ON_ZERO";
START TRANSACTION;
SET time_zone = "+00:00";


/*!40101 SET @OLD_CHARACTER_SET_CLIENT=@@CHARACTER_SET_CLIENT */;
/*!40101 SET @OLD_CHARACTER_SET_RESULTS=@@CHARACTER_SET_RESULTS */;
/*!40101 SET @OLD_COLLATION_CONNECTION=@@COLLATION_CONNECTION */;
/*!40101 SET NAMES utf8mb4 */;

--
-- Database: `pengumuman`
--

-- --------------------------------------------------------

--
-- Table structure for table `countdown`
--

CREATE TABLE `countdown` (
  `id` int(11) NOT NULL,
  `waktu_target` datetime NOT NULL,
  `created_at` timestamp NOT NULL DEFAULT current_timestamp()
) ENGINE=InnoDB DEFAULT CHARSET=utf8mb4 COLLATE=utf8mb4_general_ci;

--
-- Dumping data for table `countdown`
--

INSERT INTO `countdown` (`id`, `waktu_target`, `created_at`) VALUES
(7, '2025-05-06 18:35:00', '2025-05-04 07:38:54');

-- --------------------------------------------------------

--
-- Table structure for table `jurusan`
--

CREATE TABLE `jurusan` (
  `id` int(11) NOT NULL,
  `jurusan` varchar(255) NOT NULL
) ENGINE=InnoDB DEFAULT CHARSET=utf8mb4 COLLATE=utf8mb4_general_ci;

--
-- Dumping data for table `jurusan`
--

INSERT INTO `jurusan` (`id`, `jurusan`) VALUES
(1, 'Teknik Komputer Dan Jaringan'),
(2, 'Akuntansi dan Keuangan Lembaga');

-- --------------------------------------------------------

--
-- Table structure for table `mata_pelajaran`
--

CREATE TABLE `mata_pelajaran` (
  `id` int(11) NOT NULL,
  `jurusan_id` int(11) DEFAULT NULL,
  `nama_mata_pelajaran` varchar(100) DEFAULT NULL
) ENGINE=InnoDB DEFAULT CHARSET=utf8mb4 COLLATE=utf8mb4_general_ci;

--
-- Dumping data for table `mata_pelajaran`
--

INSERT INTO `mata_pelajaran` (`id`, `jurusan_id`, `nama_mata_pelajaran`) VALUES
(16, 1, 'Bahasa Indonesia'),
(17, 1, 'Pendidikan Agama Islam'),
(18, 1, 'Bahasa Indonesia'),
(19, 1, 'Bahasa Inggris'),
(20, 1, 'Matematika'),
(21, 1, 'Simulasi Digital'),
(22, 1, 'Administrasi Infrastruktur Jaringan'),
(23, 1, 'Teknologi Jaringan Berbasis Luas'),
(24, 1, 'Pemrograman Dasar'),
(35, 2, 'Pendidikan Agama Islam'),
(36, 2, 'Bahasa Indonesia'),
(37, 2, 'Bahasa Inggris'),
(38, 2, 'Matematika'),
(39, 2, 'Simulasi Digital'),
(40, 2, 'Ekonomi Bisnis'),
(41, 2, 'Akuntansi Dasar'),
(42, 2, 'Prakarya dan Kewirausahaan'),
(43, 2, 'Komputer Akuntansi'),
(44, 2, 'Aplikasi Pengolah Angka');

-- --------------------------------------------------------

--
-- Table structure for table `nilai_siswa`
--

CREATE TABLE `nilai_siswa` (
  `id` int(11) NOT NULL,
  `siswa_id` int(11) NOT NULL,
  `mapel_id` int(11) NOT NULL,
  `nilai` decimal(5,2) NOT NULL
) ENGINE=InnoDB DEFAULT CHARSET=utf8mb4 COLLATE=utf8mb4_general_ci;

-- --------------------------------------------------------

--
-- Table structure for table `pengaturan`
--

CREATE TABLE `pengaturan` (
  `id` int(11) NOT NULL,
  `nama_sekolah` varchar(255) DEFAULT NULL,
  `alamat_sekolah` text DEFAULT NULL,
  `email` varchar(255) DEFAULT NULL,
  `kode_pos` varchar(255) DEFAULT NULL,
  `no_tlp` varchar(255) DEFAULT NULL,
  `website` varchar(255) DEFAULT NULL,
  `logo_sekolah` varchar(255) DEFAULT NULL,
  `background` varchar(255) DEFAULT NULL,
  `ttd_kepala_sekolah` varchar(255) DEFAULT NULL,
  `nama_kepala_sekolah` varchar(255) DEFAULT NULL
) ENGINE=InnoDB DEFAULT CHARSET=utf8mb4 COLLATE=utf8mb4_general_ci;

--
-- Dumping data for table `pengaturan`
--

INSERT INTO `pengaturan` (`id`, `nama_sekolah`, `alamat_sekolah`, `email`, `kode_pos`, `no_tlp`, `website`, `logo_sekolah`, `background`, `ttd_kepala_sekolah`, `nama_kepala_sekolah`) VALUES
(1, 'SMK NEGERI 1', 'Alamat Sekolah', 'email@sekolah.com', '12345', '082221518789', 'https://sekolah.com', 'uploads/logo_sekolah.png', 'uploads/background_skl.jpg', '', 'Kepala Sekolah');

-- --------------------------------------------------------

--
-- Table structure for table `siswa`
--

CREATE TABLE `siswa` (
  `id` int(11) NOT NULL,
  `user_id` int(11) DEFAULT NULL,
  `nama_lengkap` varchar(255) DEFAULT NULL,
  `tempat_lahir` varchar(255) DEFAULT NULL,
  `tanggal_lahir` date DEFAULT NULL,
  `nis` varchar(255) DEFAULT NULL,
  `nisn` varchar(255) DEFAULT NULL,
  `no_ujian` varchar(50) DEFAULT NULL,
  `kelas` varchar(255) DEFAULT NULL,
  `nama_ortu` varchar(255) DEFAULT NULL,
  `rata_rata` decimal(10,0) DEFAULT NULL,
  `status` enum('Lulus','Tidak Lulus') DEFAULT NULL,
  `created_at` datetime DEFAULT NULL,
  `updated_at` datetime DEFAULT NULL
) ENGINE=InnoDB DEFAULT CHARSET=utf8mb4 COLLATE=utf8mb4_general_ci;

--
-- Dumping data for table `siswa`
--

INSERT INTO `siswa` (`id`, `user_id`, `nama_lengkap`, `tempat_lahir`, `tanggal_lahir`, `nis`, `nisn`, `no_ujian`, `kelas`, `nama_ortu`, `rata_rata`, `status`, `created_at`, `updated_at`) VALUES
(93, 4, 'NASRINA PUJI RAHMADANI', NULL, NULL, '13732', '0075598702', '2025-0309-026', 'XII AKT', NULL, NULL, 'Lulus', '2025-05-04 13:59:47', NULL),
(94, 4, 'NIKEN AYU RAHMAWATI', NULL, NULL, '13733', '0076576802', '2025-0309-027', 'XII AKT', NULL, NULL, 'Lulus', '2025-05-04 13:59:47', NULL),
(95, 4, 'NOVA DWI ANDINI', NULL, NULL, '13734', '0071785413', '2025-0309-028', 'XII AKT', NULL, NULL, 'Lulus', '2025-05-04 13:59:47', NULL),
(96, 4, 'NOVI TRI HAPSARI', NULL, NULL, '13735', '0075678515', '2025-0309-029', 'XII AKT', NULL, NULL, 'Lulus', '2025-05-04 13:59:47', NULL),
(97, 4, 'NUNGKI RAHAYU', NULL, NULL, '13736', '3057298469', '2025-0309-030', 'XII AKT', NULL, NULL, 'Lulus', '2025-05-04 13:59:47', NULL),
(98, 4, 'NUZULUL SYIFA\'UL AZIZAH', NULL, NULL, '14151', '0073610940', '2025-0309-031', 'XII AKT', NULL, NULL, 'Lulus', '2025-05-04 13:59:47', NULL),
(99, 4, 'PUTRIHANA PINKY RASWA NABILLAH', NULL, NULL, '13737', '0079691868', '2025-0309-032', 'XII AKT', NULL, NULL, 'Lulus', '2025-05-04 13:59:47', NULL),
(100, 4, 'RATNA DWI PRATIWI', NULL, NULL, '13738', '0087698564', '2025-0309-033', 'XII AKT', NULL, NULL, 'Lulus', '2025-05-04 13:59:47', NULL),
(101, 4, 'ROHMATUL MUBAROKAH', NULL, NULL, '13739', '3071856799', '2025-0309-034', 'XII AKT', NULL, NULL, 'Lulus', '2025-05-04 13:59:47', NULL),
(102, 4, 'SABILA ULIN NIKMAH', NULL, NULL, '13740', '0066104505', '2025-0309-035', 'XII AKT', NULL, NULL, 'Lulus', '2025-05-04 13:59:47', NULL),
(103, 4, 'SAFITRI WAHYU MELATI', NULL, NULL, '13741', '0073508320', '2025-0309-036', 'XII AKT', NULL, NULL, 'Lulus', '2025-05-04 13:59:47', NULL),
(104, 4, 'SELLY WINDI ASTUTI', NULL, NULL, '13742', '0089849202', '2025-0309-037', 'XII AKT', NULL, NULL, 'Lulus', '2025-05-04 13:59:47', NULL),
(105, 4, 'SEPTI RAMADHANI', NULL, NULL, '13743', '3063969534', '2025-0309-038', 'XII AKT', NULL, NULL, 'Lulus', '2025-05-04 13:59:47', NULL),
(106, 4, 'SITI A\'TIQOH', NULL, NULL, '13744', '0076414155', '2025-0309-039', 'XII AKT', NULL, NULL, 'Lulus', '2025-05-04 13:59:47', NULL),
(107, 4, 'TRIA NAVISA', NULL, NULL, '13745', '0065208187', '2025-0309-040', 'XII AKT', NULL, NULL, 'Lulus', '2025-05-04 13:59:47', NULL),
(108, 4, 'TRIYAWATI LISA YANUATIN', NULL, NULL, '13746', '0131746291', '2025-0309-041', 'XII AKT', NULL, NULL, 'Lulus', '2025-05-04 13:59:47', NULL),
(109, 4, 'ALLYA BAMBANG TRI AMELIA', NULL, NULL, '13747', '0071778797', '2025-0309-042', 'XII MPK-1', NULL, NULL, 'Lulus', '2025-05-04 13:59:47', NULL),
(110, 4, 'ALYSA NURFAIDA', NULL, NULL, '13748', '0075922830', '2025-0309-043', 'XII MPK-1', NULL, NULL, 'Lulus', '2025-05-04 13:59:47', NULL),
(111, 4, 'ARLIA RANJANI', NULL, NULL, '13749', '0074831553', '2025-0309-044', 'XII MPK-1', NULL, NULL, 'Lulus', '2025-05-04 13:59:47', NULL),
(112, 4, 'ARLINA ISMADIANTI', NULL, NULL, '13750', '0071058398', '2025-0309-045', 'XII MPK-1', NULL, NULL, 'Lulus', '2025-05-04 13:59:47', NULL),
(113, 4, 'ASERA NUR PURWANINGSIH', NULL, NULL, '13751', '0073789076', '2025-0309-046', 'XII MPK-1', NULL, NULL, 'Lulus', '2025-05-04 13:59:47', NULL),
(114, 4, 'ASKAH AMELIA PUTRI', NULL, NULL, '13752', '0073945234', '2025-0309-047', 'XII MPK-1', NULL, NULL, 'Lulus', '2025-05-04 13:59:47', NULL),
(115, 4, 'AUDINA RINATA MAHARANI', NULL, NULL, '13753', '3089783955', '2025-0309-048', 'XII MPK-1', NULL, NULL, 'Lulus', '2025-05-04 13:59:47', NULL),
(116, 4, 'BEBY WULAN INDAH MEYLANI', NULL, NULL, '13754', '0072951926', '2025-0309-049', 'XII MPK-1', NULL, NULL, 'Lulus', '2025-05-04 13:59:47', NULL),
(117, 4, 'CHINTIA AGUSTIN', NULL, NULL, '13755', '0077991560', '2025-0309-050', 'XII MPK-1', NULL, NULL, 'Lulus', '2025-05-04 13:59:47', NULL),
(118, 4, 'CINDY ANGGITA DEWI', NULL, NULL, '13756', '0077380646', '2025-0309-051', 'XII MPK-1', NULL, NULL, 'Lulus', '2025-05-04 13:59:47', NULL),
(119, 4, 'DESTI RAHMAWATI', NULL, NULL, '13757', '0064435124', '2025-0309-052', 'XII MPK-1', NULL, NULL, 'Lulus', '2025-05-04 13:59:47', NULL),
(120, 4, 'DEVI ANGGREANI KAILA LESTARI', NULL, NULL, '13758', '0074576431', '2025-0309-053', 'XII MPK-1', NULL, NULL, 'Lulus', '2025-05-04 13:59:47', NULL),
(121, 4, 'ELLY SEFTIA', NULL, NULL, '13760', '0072757904', '2025-0309-054', 'XII MPK-1', NULL, NULL, 'Lulus', '2025-05-04 13:59:47', NULL),
(122, 4, 'FIVI NURAINI', NULL, NULL, '13761', '0076147453', '2025-0309-055', 'XII MPK-1', NULL, NULL, 'Lulus', '2025-05-04 13:59:47', NULL),
(123, 4, 'HANISA NUR FATIMAH', NULL, NULL, '13762', '0083785887', '2025-0309-056', 'XII MPK-1', NULL, NULL, 'Lulus', '2025-05-04 13:59:47', NULL),
(124, 4, 'INDAH MUSTIKA SAFITRI', NULL, NULL, '13763', '0069601737', '2025-0309-057', 'XII MPK-1', NULL, NULL, 'Lulus', '2025-05-04 13:59:47', NULL),
(125, 4, 'INTAN AYU AMELIA NINGSIH', NULL, NULL, '13764', '0066300076', '2025-0309-058', 'XII MPK-1', NULL, NULL, 'Lulus', '2025-05-04 13:59:47', NULL),
(126, 4, 'MUSYAROFAH SYAFI\'AH', NULL, NULL, '13765', '0065787335', '2025-0309-059', 'XII MPK-1', NULL, NULL, 'Lulus', '2025-05-04 13:59:47', NULL),
(127, 4, 'NADINE RILIYAN ANGGRAINI', NULL, NULL, '13766', '0071761466', '2025-0309-060', 'XII MPK-1', NULL, NULL, 'Lulus', '2025-05-04 13:59:47', NULL),
(128, 4, 'NAYLA DIVA MAULINA', NULL, NULL, '13767', '0072905175', '2025-0309-061', 'XII MPK-1', NULL, NULL, 'Lulus', '2025-05-04 13:59:47', NULL),
(129, 4, 'NESTIA ERIKA CAHYANI', NULL, NULL, '13768', '0071959414', '2025-0309-062', 'XII MPK-1', NULL, NULL, 'Lulus', '2025-05-04 13:59:47', NULL),
(130, 4, 'NIA NURHALIZA', NULL, NULL, '13769', '0067029154', '2025-0309-063', 'XII MPK-1', NULL, NULL, 'Lulus', '2025-05-04 13:59:47', NULL),
(131, 4, 'NOVITASARI', NULL, NULL, '13770', '3065707338', '2025-0309-064', 'XII MPK-1', NULL, NULL, 'Lulus', '2025-05-04 13:59:47', NULL),
(132, 4, 'PASKAH RINI', NULL, NULL, '13771', '0074028454', '2025-0309-065', 'XII MPK-1', NULL, NULL, 'Lulus', '2025-05-04 13:59:47', NULL),
(133, 4, 'RENI ASIH', NULL, NULL, '13772', '0085809396', '2025-0309-066', 'XII MPK-1', NULL, NULL, 'Lulus', '2025-05-04 13:59:47', NULL),
(134, 4, 'REVIKA FIRNAND HIDAYAT', NULL, NULL, '13773', '0076561384', '2025-0309-067', 'XII MPK-1', NULL, NULL, 'Lulus', '2025-05-04 13:59:47', NULL),
(135, 4, 'SAFITRI MEI DYANTI', NULL, NULL, '13774', '0078412943', '2025-0309-068', 'XII MPK-1', NULL, NULL, 'Lulus', '2025-05-04 13:59:47', NULL),
(136, 4, 'SEKAR ARUM SAKEDI', NULL, NULL, '13775', '0078247275', '2025-0309-069', 'XII MPK-1', NULL, NULL, 'Lulus', '2025-05-04 13:59:47', NULL),
(137, 4, 'SHINTA NUR HAYATI', NULL, NULL, '13776', '0071586272', '2025-0309-070', 'XII MPK-1', NULL, NULL, 'Lulus', '2025-05-04 13:59:47', NULL),
(138, 4, 'SILWIA NUR MAULADY', NULL, NULL, '13777', '0086723099', '2025-0309-071', 'XII MPK-1', NULL, NULL, 'Lulus', '2025-05-04 13:59:47', NULL),
(139, 4, 'TANTI SEPTIANINGSIH', NULL, NULL, '13778', '0136545243', '2025-0309-072', 'XII MPK-1', NULL, NULL, 'Lulus', '2025-05-04 13:59:47', NULL),
(140, 4, 'TARI SETIYANINGSIH', NULL, NULL, '13779', '0076031227', '2025-0309-073', 'XII MPK-1', NULL, NULL, 'Lulus', '2025-05-04 13:59:47', NULL),
(141, 4, 'UMI FADILAH', NULL, NULL, '13780', '0079805747', '2025-0309-074', 'XII MPK-1', NULL, NULL, 'Lulus', '2025-05-04 13:59:47', NULL),
(142, 4, 'VELLY HERLINA', NULL, NULL, '13781', '0077306250', '2025-0309-075', 'XII MPK-1', NULL, NULL, 'Lulus', '2025-05-04 13:59:47', NULL),
(143, 4, 'VINA OLIVIA', NULL, NULL, '13782', '0078982020', '2025-0309-076', 'XII MPK-1', NULL, NULL, 'Lulus', '2025-05-04 13:59:47', NULL),
(144, 4, 'AGISTHA DIVA SAPUTRI', NULL, NULL, '13783', '0077477168', '2025-0309-077', 'XII MPK-2', NULL, NULL, 'Lulus', '2025-05-04 13:59:47', NULL),
(145, 4, 'ALIYA HIDAYAT', NULL, NULL, '13784', '0077027211', '2025-0309-078', 'XII MPK-2', NULL, NULL, 'Lulus', '2025-05-04 13:59:47', NULL),
(146, 4, 'ARLIETA LISTIANTY', NULL, NULL, '13785', '0073679270', '2025-0309-079', 'XII MPK-2', NULL, NULL, 'Lulus', '2025-05-04 13:59:47', NULL),
(147, 4, 'ARLISNA PUTRI WINDIARTI', NULL, NULL, '13786', '3072739121', '2025-0309-080', 'XII MPK-2', NULL, NULL, 'Lulus', '2025-05-04 13:59:47', NULL),
(148, 4, 'AULIA NURSANKHAN', NULL, NULL, '13787', '0075853286', '2025-0309-081', 'XII MPK-2', NULL, NULL, 'Lulus', '2025-05-04 13:59:47', NULL),
(149, 4, 'DELA NUR AENI', NULL, NULL, '13788', '0064965912', '2025-0309-082', 'XII MPK-2', NULL, NULL, 'Lulus', '2025-05-04 13:59:47', NULL),
(150, 4, 'DIAH NUR FITRI', NULL, NULL, '13789', '0078380433', '2025-0309-083', 'XII MPK-2', NULL, NULL, 'Lulus', '2025-05-04 13:59:47', NULL),
(151, 4, 'DITA TRI AGUSTINA', NULL, NULL, '13791', '0062969628', '2025-0309-084', 'XII MPK-2', NULL, NULL, 'Lulus', '2025-05-04 13:59:47', NULL),
(152, 4, 'FAUZIAH ALFA ARLINDA', NULL, NULL, '13792', '0075086003', '2025-0309-085', 'XII MPK-2', NULL, NULL, 'Lulus', '2025-05-04 13:59:47', NULL),
(153, 4, 'FRISTAMA PUTRI KHAYLANI', NULL, NULL, '13793', '0062625967', '2025-0309-086', 'XII MPK-2', NULL, NULL, 'Lulus', '2025-05-04 13:59:47', NULL),
(154, 4, 'INGGRIT DWI WIDIASTUTI', NULL, NULL, '13794', '0075713736', '2025-0309-087', 'XII MPK-2', NULL, NULL, 'Lulus', '2025-05-04 13:59:47', NULL),
(155, 4, 'LAELI OKTI FITRIANI', NULL, NULL, '13795', '0077397092', '2025-0309-088', 'XII MPK-2', NULL, NULL, 'Lulus', '2025-05-04 13:59:47', NULL),
(156, 4, 'LAURA PUTRI ISABELLA', NULL, NULL, '13796', '0079461944', '2025-0309-089', 'XII MPK-2', NULL, NULL, 'Lulus', '2025-05-04 13:59:47', NULL),
(157, 4, 'LUSY ANGGRAINI', NULL, NULL, '13797', '0086686208', '2025-0309-090', 'XII MPK-2', NULL, NULL, 'Lulus', '2025-05-04 13:59:47', NULL),
(158, 4, 'MITA MASGIARTI', NULL, NULL, '13798', '0087805620', '2025-0309-091', 'XII MPK-2', NULL, NULL, 'Lulus', '2025-05-04 13:59:47', NULL),
(159, 4, 'NABILA MEIKA AMALIA', NULL, NULL, '13799', '0078024002', '2025-0309-092', 'XII MPK-2', NULL, NULL, 'Lulus', '2025-05-04 13:59:47', NULL),
(160, 4, 'NAFITA DAMAYANTI', NULL, NULL, '13800', '0076471789', '2025-0309-093', 'XII MPK-2', NULL, NULL, 'Lulus', '2025-05-04 13:59:47', NULL),
(161, 4, 'NAFWA NUR FADILAH', NULL, NULL, '13801', '0063687281', '2025-0309-094', 'XII MPK-2', NULL, NULL, 'Lulus', '2025-05-04 13:59:47', NULL),
(162, 4, 'NARWASTU KEZIA JELITA', NULL, NULL, '13803', '0081878554', '2025-0309-095', 'XII MPK-2', NULL, NULL, 'Lulus', '2025-05-04 13:59:47', NULL),
(163, 4, 'NATANIA RENATA', NULL, NULL, '13804', '0062299545', '2025-0309-096', 'XII MPK-2', NULL, NULL, 'Lulus', '2025-05-04 13:59:47', NULL),
(164, 4, 'NATASYA NUR AINI', NULL, NULL, '13805', '0071816425', '2025-0309-097', 'XII MPK-2', NULL, NULL, 'Lulus', '2025-05-04 13:59:47', NULL),
(165, 4, 'PUTRI SENJA KIRANI', NULL, NULL, '13807', '0074089706', '2025-0309-098', 'XII MPK-2', NULL, NULL, 'Lulus', '2025-05-04 13:59:47', NULL),
(166, 4, 'QURROTUN CHASANAH', NULL, NULL, '13808', '0084850711', '2025-0309-099', 'XII MPK-2', NULL, NULL, 'Lulus', '2025-05-04 13:59:47', NULL),
(167, 4, 'RAYNIKA DWI ARTANTI', NULL, NULL, '13809', '0077146730', '2025-0309-100', 'XII MPK-2', NULL, NULL, 'Lulus', '2025-05-04 13:59:47', NULL),
(168, 4, 'RIRIN FEBRIANA SARI', NULL, NULL, '13810', '0077862644', '2025-0309-101', 'XII MPK-2', NULL, NULL, 'Lulus', '2025-05-04 13:59:47', NULL),
(169, 4, 'RIZKA NABILA PUTRI', NULL, NULL, '13812', '0073057968', '2025-0309-102', 'XII MPK-2', NULL, NULL, 'Lulus', '2025-05-04 13:59:47', NULL),
(170, 4, 'SAFRINA NUR BAETI', NULL, NULL, '13813', '0071787665', '2025-0309-103', 'XII MPK-2', NULL, NULL, 'Lulus', '2025-05-04 13:59:47', NULL),
(171, 4, 'SELI MUSTIKA', NULL, NULL, '13814', '0065454798', '2025-0309-104', 'XII MPK-2', NULL, NULL, 'Lulus', '2025-05-04 13:59:47', NULL),
(172, 4, 'SEPTIANA RAMADANI', NULL, NULL, '13815', '0076273438', '2025-0309-105', 'XII MPK-2', NULL, NULL, 'Lulus', '2025-05-04 13:59:47', NULL),
(173, 4, 'YAYAH DWI NUR AINI', NULL, NULL, '13816', '0089398199', '2025-0309-106', 'XII MPK-2', NULL, NULL, 'Lulus', '2025-05-04 13:59:47', NULL),
(174, 4, 'YEYEN NURHAENI', NULL, NULL, '13817', '0072356860', '2025-0309-107', 'XII MPK-2', NULL, NULL, 'Lulus', '2025-05-04 13:59:47', NULL),
(175, 4, 'YOLANDA CLAUDIA FEBRIYANA', NULL, NULL, '13818', '0077848734', '2025-0309-108', 'XII MPK-2', NULL, NULL, 'Lulus', '2025-05-04 13:59:47', NULL),
(176, 4, 'AAT WIJININGSIH', NULL, NULL, '13819', '0088601184', '2025-0309-109', 'XII BSR', NULL, NULL, 'Lulus', '2025-05-04 13:59:47', NULL),
(177, 4, 'ADRIAN GANIS WIJAYA', NULL, NULL, '13820', '0074198212', '2025-0309-110', 'XII BSR', NULL, NULL, 'Lulus', '2025-05-04 13:59:47', NULL),
(178, 4, 'AISAH', NULL, NULL, '13821', '0076680662', '2025-0309-111', 'XII BSR', NULL, NULL, 'Lulus', '2025-05-04 13:59:47', NULL),
(179, 4, 'ALIFA PRETTI KASARI', NULL, NULL, '13822', '0086730392', '2025-0309-112', 'XII BSR', NULL, NULL, 'Lulus', '2025-05-04 13:59:47', NULL),
(180, 4, 'ANA SUSANTI', NULL, NULL, '13823', '0137802650', '2025-0309-113', 'XII BSR', NULL, NULL, 'Lulus', '2025-05-04 13:59:47', NULL),
(181, 4, 'ANGGITA PUTRI SULISTIYAWATI', NULL, NULL, '13824', '0079767282', '2025-0309-114', 'XII BSR', NULL, NULL, 'Lulus', '2025-05-04 13:59:47', NULL),
(182, 4, 'ANJELINA WIDYA MEILANI', NULL, NULL, '13825', '0075455663', '2025-0309-115', 'XII BSR', NULL, NULL, 'Lulus', '2025-05-04 13:59:47', NULL),
(183, 4, 'CHELSEA ALYA ANGGITA', NULL, NULL, '13827', '0062026889', '2025-0309-116', 'XII BSR', NULL, NULL, 'Lulus', '2025-05-04 13:59:47', NULL),
(184, 4, 'DECHA ROSALITA', NULL, NULL, '13828', '0076147168', '2025-0309-117', 'XII BSR', NULL, NULL, 'Lulus', '2025-05-04 13:59:47', NULL),
(185, 4, 'DESTI RAHMAWATI', NULL, NULL, '13829', '0063517588', '2025-0309-118', 'XII BSR', NULL, NULL, 'Lulus', '2025-05-04 13:59:47', NULL),
(186, 4, 'DEVITA APRILIA', NULL, NULL, '13830', '0076683851', '2025-0309-119', 'XII BSR', NULL, NULL, 'Lulus', '2025-05-04 13:59:47', NULL),
(187, 4, 'DIMAS EKA SAPUTRA', NULL, NULL, '13831', '3073788390', '2025-0309-120', 'XII BSR', NULL, NULL, 'Lulus', '2025-05-04 13:59:47', NULL),
(188, 4, 'DIVA YUDHISTIRA', NULL, NULL, '13832', '0082998051', '2025-0309-121', 'XII BSR', NULL, NULL, 'Lulus', '2025-05-04 13:59:47', NULL),
(189, 4, 'ELSA IKA SAFITRI', NULL, NULL, '13833', '0073686887', '2025-0309-122', 'XII BSR', NULL, NULL, 'Lulus', '2025-05-04 13:59:47', NULL),
(190, 4, 'EMMA TRIYANA', NULL, NULL, '13834', '0072670000', '2025-0309-123', 'XII BSR', NULL, NULL, 'Lulus', '2025-05-04 13:59:47', NULL),
(191, 4, 'FIONA RIZKI WEY PANGESTU', NULL, NULL, '13835', '0082075778', '2025-0309-124', 'XII BSR', NULL, NULL, 'Lulus', '2025-05-04 13:59:47', NULL),
(192, 4, 'GITA LAELA KURNIAWATI', NULL, NULL, '13836', '0075854032', '2025-0309-125', 'XII BSR', NULL, NULL, 'Lulus', '2025-05-04 13:59:47', NULL),
(193, 4, 'INTAN INDAH PRASETIA', NULL, NULL, '13837', '3067545971', '2025-0309-126', 'XII BSR', NULL, NULL, 'Lulus', '2025-05-04 13:59:47', NULL),
(194, 4, 'INTAN PRAMUDITA', NULL, NULL, '14154', '0077829059', '2025-0309-127', 'XII BSR', NULL, NULL, 'Lulus', '2025-05-04 13:59:47', NULL),
(195, 4, 'KESYA OKTAVIA RAMADANI', NULL, NULL, '13838', '0055224201', '2025-0309-128', 'XII BSR', NULL, NULL, 'Lulus', '2025-05-04 13:59:47', NULL),
(196, 4, 'LINDA RAHMAWATI', NULL, NULL, '13839', '0078376014', '2025-0309-129', 'XII BSR', NULL, NULL, 'Lulus', '2025-05-04 13:59:47', NULL),
(197, 4, 'MEI ANIS VIANTIKA', NULL, NULL, '13840', '0076964514', '2025-0309-130', 'XII BSR', NULL, NULL, 'Lulus', '2025-05-04 13:59:47', NULL),
(198, 4, 'MEILDA ANTIKA SAFFANA', NULL, NULL, '13841', '0074179329', '2025-0309-131', 'XII BSR', NULL, NULL, 'Lulus', '2025-05-04 13:59:47', NULL),
(199, 4, 'NIATRISNA WARDANI', NULL, NULL, '13842', '0075760070', '2025-0309-132', 'XII BSR', NULL, NULL, 'Lulus', '2025-05-04 13:59:47', NULL),
(200, 4, 'NINA AULIA SUDARNO', NULL, NULL, '13843', '0050931126', '2025-0309-133', 'XII BSR', NULL, NULL, 'Lulus', '2025-05-04 13:59:47', NULL),
(201, 4, 'PIPIH PERMATA INDAH', NULL, NULL, '13844', '0078135129', '2025-0309-134', 'XII BSR', NULL, NULL, 'Lulus', '2025-05-04 13:59:47', NULL),
(202, 4, 'RAFI PRASETYA', NULL, NULL, '13845', '0072317153', '2025-0309-135', 'XII BSR', NULL, NULL, 'Lulus', '2025-05-04 13:59:47', NULL),
(203, 4, 'RIA FITRIANI', NULL, NULL, '13846', '0067920340', '2025-0309-136', 'XII BSR', NULL, NULL, 'Lulus', '2025-05-04 13:59:47', NULL),
(204, 4, 'RIRIN WULANDARI', NULL, NULL, '13847', '0079145916', '2025-0309-137', 'XII BSR', NULL, NULL, 'Lulus', '2025-05-04 13:59:47', NULL),
(205, 4, 'SALMA AGUSTIN', NULL, NULL, '13848', '0088487699', '2025-0309-138', 'XII BSR', NULL, NULL, 'Lulus', '2025-05-04 13:59:47', NULL),
(206, 4, 'SHELA NOVI ROSIANA', NULL, NULL, '13849', '0063122308', '2025-0309-139', 'XII BSR', NULL, NULL, 'Lulus', '2025-05-04 13:59:48', NULL),
(207, 4, 'SHINTIA BELA', NULL, NULL, '13850', '0077204085', '2025-0309-140', 'XII BSR', NULL, NULL, 'Lulus', '2025-05-04 13:59:48', NULL),
(208, 4, 'SISKA JUNIKA MAHARANI', NULL, NULL, '13851', '0074784334', '2025-0309-141', 'XII BSR', NULL, NULL, 'Lulus', '2025-05-04 13:59:48', NULL),
(209, 4, 'TITIS PURWITASARI', NULL, NULL, '13852', '0081872387', '2025-0309-142', 'XII BSR', NULL, NULL, 'Lulus', '2025-05-04 13:59:48', NULL),
(210, 4, 'TIYA NOFITA DEWI', NULL, NULL, '13853', '0076016075', '2025-0309-143', 'XII BSR', NULL, NULL, 'Lulus', '2025-05-04 13:59:48', NULL),
(211, 4, 'TRI KUSUMA NINGSIH', NULL, NULL, '13854', '0065814893', '2025-0309-144', 'XII BSR', NULL, NULL, 'Lulus', '2025-05-04 13:59:48', NULL),
(212, 4, 'VIKI JUNIYATI', NULL, NULL, '13855', '0077963531', '2025-0309-145', 'XII BSR', NULL, NULL, 'Lulus', '2025-05-04 13:59:48', NULL),
(213, 4, 'WAHYU FEBRIYANI', NULL, NULL, '13856', '0074760858', '2025-0309-146', 'XII BSR', NULL, NULL, 'Lulus', '2025-05-04 13:59:48', NULL),
(214, 4, 'WINDA KARUNIAWATI', NULL, NULL, '13857', '0077414813', '2025-0309-147', 'XII BSR', NULL, NULL, 'Lulus', '2025-05-04 13:59:48', NULL),
(215, 4, 'ZELIA ARYANI', NULL, NULL, '13858', '0079496344', '2025-0309-148', 'XII BSR', NULL, NULL, 'Lulus', '2025-05-04 13:59:48', NULL),
(216, 4, 'ADIT NURROCHMAN', NULL, NULL, '13859', '0074175479', '2025-0309-149', 'XII TKJ-1', NULL, NULL, 'Lulus', '2025-05-04 13:59:48', NULL),
(217, 4, 'AISYAH FITRIANITA', NULL, NULL, '13860', '0063943518', '2025-0309-150', 'XII TKJ-1', NULL, NULL, 'Lulus', '2025-05-04 13:59:48', NULL),
(218, 4, 'ALMANISA', NULL, NULL, '13861', '0089612543', '2025-0309-151', 'XII TKJ-1', NULL, NULL, 'Lulus', '2025-05-04 13:59:48', NULL),
(219, 4, 'AMIN ALIF SETYAWAN', NULL, NULL, '13862', '0079421881', '2025-0309-152', 'XII TKJ-1', NULL, NULL, 'Lulus', '2025-05-04 13:59:48', NULL),
(220, 4, 'ANISA FEBRI ANGGRAENI', NULL, NULL, '13863', '0077110170', '2025-0309-153', 'XII TKJ-1', NULL, NULL, 'Lulus', '2025-05-04 13:59:48', NULL),
(221, 4, 'ASTRI NAYLASARI', NULL, NULL, '13864', '0089752845', '2025-0309-154', 'XII TKJ-1', NULL, NULL, 'Lulus', '2025-05-04 13:59:48', NULL),
(222, 4, 'AZKA MAULIDIA PUTRI', NULL, NULL, '13865', '0064383467', '2025-0309-155', 'XII TKJ-1', NULL, NULL, 'Lulus', '2025-05-04 13:59:48', NULL),
(223, 4, 'DENIS ANGGA PUTRA', NULL, NULL, '13866', '0073130369', '2025-0309-156', 'XII TKJ-1', NULL, NULL, 'Lulus', '2025-05-04 13:59:48', NULL),
(224, 4, 'DESI SETIANINGSIH', NULL, NULL, '13867', '0085822275', '2025-0309-157', 'XII TKJ-1', NULL, NULL, 'Lulus', '2025-05-04 13:59:48', NULL),
(225, 4, 'DEVINA ASMAATUN NADIA', NULL, NULL, '13868', '0079178634', '2025-0309-158', 'XII TKJ-1', NULL, NULL, 'Lulus', '2025-05-04 13:59:48', NULL),
(226, 4, 'DIVA FEBRIANA', NULL, NULL, '13869', '0082331985', '2025-0309-159', 'XII TKJ-1', NULL, NULL, 'Lulus', '2025-05-04 13:59:48', NULL),
(227, 4, 'ELIN NOFIANA', NULL, NULL, '13870', '0062237137', '2025-0309-160', 'XII TKJ-1', NULL, NULL, 'Lulus', '2025-05-04 13:59:48', NULL),
(228, 4, 'ELSA HETI NURIATIN', NULL, NULL, '13871', '0078550867', '2025-0309-161', 'XII TKJ-1', NULL, NULL, 'Lulus', '2025-05-04 13:59:48', NULL),
(229, 4, 'FERA NOVITA SARI', NULL, NULL, '13873', '0075829127', '2025-0309-162', 'XII TKJ-1', NULL, NULL, 'Lulus', '2025-05-04 13:59:48', NULL),
(230, 4, 'HERLINDA META SARI', NULL, NULL, '13874', '0073888921', '2025-0309-163', 'XII TKJ-1', NULL, NULL, 'Lulus', '2025-05-04 13:59:48', NULL),
(231, 4, 'LIVIA ALVIATUS SHOBA', NULL, NULL, '13875', '0075354657', '2025-0309-164', 'XII TKJ-1', NULL, NULL, 'Lulus', '2025-05-04 13:59:48', NULL),
(232, 4, 'MEI SAFITRI', NULL, NULL, '13876', '0076956416', '2025-0309-165', 'XII TKJ-1', NULL, NULL, 'Lulus', '2025-05-04 13:59:48', NULL),
(233, 4, 'MUHAMMAD ABDUL MUZAKKI', NULL, NULL, '13877', '0061091745', '2025-0309-166', 'XII TKJ-1', NULL, NULL, 'Lulus', '2025-05-04 13:59:48', NULL),
(234, 4, 'MUHLISOTUN NISA ULJANNAH', NULL, NULL, '13878', '0069217753', '2025-0309-167', 'XII TKJ-1', NULL, NULL, 'Lulus', '2025-05-04 13:59:48', NULL),
(235, 4, 'MUKHAMAD TOHIRIN', NULL, NULL, '13879', '0074567710', '2025-0309-168', 'XII TKJ-1', NULL, NULL, 'Lulus', '2025-05-04 13:59:48', NULL),
(236, 4, 'NABILA FAOZI', NULL, NULL, '13880', '0075074481', '2025-0309-169', 'XII TKJ-1', NULL, NULL, 'Lulus', '2025-05-04 13:59:48', NULL),
(237, 4, 'NUR AFIF KHAYRUDIN', NULL, NULL, '13881', '0077195783', '2025-0309-170', 'XII TKJ-1', NULL, NULL, 'Lulus', '2025-05-04 13:59:48', NULL),
(238, 4, 'POSNIEL DANIEL SIMARMATA', NULL, NULL, '13882', '0067049201', '2025-0309-171', 'XII TKJ-1', NULL, NULL, 'Lulus', '2025-05-04 13:59:48', NULL),
(239, 4, 'RENATA ROHMATIN', NULL, NULL, '13883', '0078823950', '2025-0309-172', 'XII TKJ-1', NULL, NULL, 'Lulus', '2025-05-04 13:59:48', NULL),
(240, 4, 'RESTU FATKHAN SYAH', NULL, NULL, '14149', '0082567559', '2025-0309-173', 'XII TKJ-1', NULL, NULL, 'Lulus', '2025-05-04 13:59:48', NULL),
(241, 4, 'RETNO ASIH NURFAIDAH', NULL, NULL, '13884', '0077536651', '2025-0309-174', 'XII TKJ-1', NULL, NULL, 'Lulus', '2025-05-04 13:59:48', NULL),
(242, 4, 'RHEYNO AFIF AL FARROS', NULL, NULL, '13885', '0078638747', '2025-0309-175', 'XII TKJ-1', NULL, NULL, 'Lulus', '2025-05-04 13:59:48', NULL),
(243, 4, 'RIANDRA RIZKY WIDIANTO', NULL, NULL, '13886', '0074688673', '2025-0309-176', 'XII TKJ-1', NULL, NULL, 'Lulus', '2025-05-04 13:59:48', NULL),
(244, 4, 'SAHRUL MUHAMAD', NULL, NULL, '14148', '0078589462', '2025-0309-177', 'XII TKJ-1', NULL, NULL, 'Lulus', '2025-05-04 13:59:48', NULL),
(245, 4, 'SALWA NUTIHA', NULL, NULL, '13887', '0089885179', '2025-0309-178', 'XII TKJ-1', NULL, NULL, 'Lulus', '2025-05-04 13:59:48', NULL),
(246, 4, 'SEFIANA SOLIATUN', NULL, NULL, '13889', '0067754001', '2025-0309-179', 'XII TKJ-1', NULL, NULL, 'Lulus', '2025-05-04 13:59:48', NULL),
(247, 4, 'STEVANI GINANZA PUTRI', NULL, NULL, '13890', '0077889079', '2025-0309-180', 'XII TKJ-1', NULL, NULL, 'Lulus', '2025-05-04 13:59:48', NULL),
(248, 4, 'SYAMSUL AGUS KURNIAWAN', NULL, NULL, '13888', '3066664750', '2025-0309-181', 'XII TKJ-1', NULL, NULL, 'Lulus', '2025-05-04 13:59:48', NULL),
(249, 4, 'TIYANNTI', NULL, NULL, '13891', '0057815299', '2025-0309-182', 'XII TKJ-1', NULL, NULL, 'Lulus', '2025-05-04 13:59:48', NULL),
(250, 4, 'UMI ASIH ASTINI', NULL, NULL, '13892', '0076220153', '2025-0309-183', 'XII TKJ-1', NULL, NULL, 'Lulus', '2025-05-04 13:59:48', NULL),
(251, 4, 'VIVI RISTIANINGSIH', NULL, NULL, '13893', '0076094781', '2025-0309-184', 'XII TKJ-1', NULL, NULL, 'Lulus', '2025-05-04 13:59:48', NULL),
(252, 4, 'ZAHRA AMALIA SALSABILA', NULL, NULL, '13894', '0078258030', '2025-0309-185', 'XII TKJ-1', NULL, NULL, 'Lulus', '2025-05-04 13:59:48', NULL),
(253, 4, 'ABIM WIBOWO', NULL, NULL, '13895', '0081093745', '2025-0309-186', 'XII TKJ-2', NULL, NULL, 'Lulus', '2025-05-04 13:59:48', NULL),
(254, 4, 'ADITYA APRIANSYAH', NULL, NULL, '13896', '0073158533', '2025-0309-187', 'XII TKJ-2', NULL, NULL, 'Lulus', '2025-05-04 13:59:48', NULL),
(255, 4, 'AHLYA ARIE SOEPRAPTO', NULL, NULL, '13897', '0077488572', '2025-0309-188', 'XII TKJ-2', NULL, NULL, 'Lulus', '2025-05-04 13:59:48', NULL),
(256, 4, 'ALFIN ISMATUN SANGADAH', NULL, NULL, '13899', '0075835438', '2025-0309-189', 'XII TKJ-2', NULL, NULL, 'Lulus', '2025-05-04 13:59:48', NULL),
(257, 4, 'ANA RIANI', NULL, NULL, '13900', '0072743190', '2025-0309-190', 'XII TKJ-2', NULL, NULL, 'Lulus', '2025-05-04 13:59:48', NULL),
(258, 4, 'ANDRIAN TRI WIBOWO', NULL, NULL, '13901', '0068975404', '2025-0309-191', 'XII TKJ-2', NULL, NULL, 'Lulus', '2025-05-04 13:59:48', NULL),
(259, 4, 'DEA ZULFA ANANDA', NULL, NULL, '13902', '0061306269', '2025-0309-192', 'XII TKJ-2', NULL, NULL, 'Lulus', '2025-05-04 13:59:48', NULL),
(260, 4, 'EKA PUJI LESTARI', NULL, NULL, '13903', '0073875263', '2025-0309-193', 'XII TKJ-2', NULL, NULL, 'Lulus', '2025-05-04 13:59:48', NULL),
(261, 4, 'FENI NURLITA', NULL, NULL, '13904', '0067330010', '2025-0309-194', 'XII TKJ-2', NULL, NULL, 'Lulus', '2025-05-04 13:59:48', NULL),
(262, 4, 'FERI SETIA AJI', NULL, NULL, '13905', '0067248509', '2025-0309-195', 'XII TKJ-2', NULL, NULL, 'Lulus', '2025-05-04 13:59:48', NULL),
(263, 4, 'HANA LAILATUL ISTI\'ANAH', NULL, NULL, '13906', '0072597844', '2025-0309-196', 'XII TKJ-2', NULL, NULL, 'Lulus', '2025-05-04 13:59:48', NULL),
(264, 4, 'HIKMAH AQMAL PRASTYEO', NULL, NULL, '13908', '0085434823', '2025-0309-197', 'XII TKJ-2', NULL, NULL, 'Lulus', '2025-05-04 13:59:48', NULL),
(265, 4, 'IKA WAFIQ NUR AZIZAH', NULL, NULL, '13909', '0084209679', '2025-0309-198', 'XII TKJ-2', NULL, NULL, 'Lulus', '2025-05-04 13:59:48', NULL),
(266, 4, 'KEIZZA RATUR FREDIKA', NULL, NULL, '13910', '0084243574', '2025-0309-199', 'XII TKJ-2', NULL, NULL, 'Lulus', '2025-05-04 13:59:48', NULL),
(267, 4, 'MEISYA ZAHRANI', NULL, NULL, '13911', '0079741663', '2025-0309-200', 'XII TKJ-2', NULL, NULL, 'Lulus', '2025-05-04 13:59:48', NULL),
(268, 4, 'MUHAMMAD IRFAN AL PARIS', NULL, NULL, '13912', '0064889172', '2025-0309-201', 'XII TKJ-2', NULL, NULL, 'Lulus', '2025-05-04 13:59:48', NULL),
(269, 4, 'NATANAEL TIMOTY HUTABARAT', NULL, NULL, '13913', '0073640202', '2025-0309-202', 'XII TKJ-2', NULL, NULL, 'Lulus', '2025-05-04 13:59:48', NULL),
(270, 4, 'NITA PRIHARTATI', NULL, NULL, '13914', '0074422795', '2025-0309-203', 'XII TKJ-2', NULL, NULL, 'Lulus', '2025-05-04 13:59:48', NULL),
(271, 4, 'NOVITA AYU ANGRAINI', NULL, NULL, '13915', '0075058052', '2025-0309-204', 'XII TKJ-2', NULL, NULL, 'Lulus', '2025-05-04 13:59:48', NULL),
(272, 4, 'OLIVIA SUGIANTO', NULL, NULL, '13916', '0079948999', '2025-0309-205', 'XII TKJ-2', NULL, NULL, 'Lulus', '2025-05-04 13:59:48', NULL),
(273, 4, 'PRI HARYANTI', NULL, NULL, '13917', '0077931346', '2025-0309-206', 'XII TKJ-2', NULL, NULL, 'Lulus', '2025-05-04 13:59:48', NULL),
(274, 4, 'PUTRI DWI ASIH', NULL, NULL, '13918', '0078486842', '2025-0309-207', 'XII TKJ-2', NULL, NULL, 'Lulus', '2025-05-04 13:59:48', NULL),
(275, 4, 'PUTRI TISA VALENTINA', NULL, NULL, '13919', '0066503707', '2025-0309-208', 'XII TKJ-2', NULL, NULL, 'Lulus', '2025-05-04 13:59:48', NULL),
(276, 4, 'RAIHAN ANDRIANSYAH RAHMADANI', NULL, NULL, '13920', '0066430874', '2025-0309-209', 'XII TKJ-2', NULL, NULL, 'Lulus', '2025-05-04 13:59:48', NULL),
(277, 4, 'RENO AGUS TRIONO', NULL, NULL, '13921', '0086122436', '2025-0309-210', 'XII TKJ-2', NULL, NULL, 'Lulus', '2025-05-04 13:59:48', NULL),
(278, 4, 'SALWA WIDIA UTAMI', NULL, NULL, '13922', '0067509392', '2025-0309-211', 'XII TKJ-2', NULL, NULL, 'Lulus', '2025-05-04 13:59:48', NULL),
(279, 4, 'SATRIA ADHI PANGESTU', NULL, NULL, '13923', '0077070865', '2025-0309-212', 'XII TKJ-2', NULL, NULL, 'Lulus', '2025-05-04 13:59:48', NULL),
(280, 4, 'SATRIO DWI PAMUJI', NULL, NULL, '13924', '0086070384', '2025-0309-213', 'XII TKJ-2', NULL, NULL, 'Lulus', '2025-05-04 13:59:48', NULL),
(281, 4, 'SETYANINGSIH', NULL, NULL, '13925', '0075808438', '2025-0309-214', 'XII TKJ-2', NULL, NULL, 'Lulus', '2025-05-04 13:59:48', NULL),
(282, 4, 'SILVIA AMALIA', NULL, NULL, '13926', '0078186941', '2025-0309-215', 'XII TKJ-2', NULL, NULL, 'Lulus', '2025-05-04 13:59:48', NULL),
(283, 4, 'SITI KHOTIMAH', NULL, NULL, '13927', '0079238906', '2025-0309-216', 'XII TKJ-2', NULL, NULL, 'Lulus', '2025-05-04 13:59:48', NULL),
(284, 4, 'SITI MASYITOH RAMADANI', NULL, NULL, '13928', '0067718082', '2025-0309-217', 'XII TKJ-2', NULL, NULL, 'Lulus', '2025-05-04 13:59:48', NULL),
(285, 4, 'TRI ASTUTI', NULL, NULL, '13929', '0078906478', '2025-0309-218', 'XII TKJ-2', NULL, NULL, 'Lulus', '2025-05-04 13:59:48', NULL),
(286, 4, 'TYAS NOVIYANTI', NULL, NULL, '13930', '0075510016', '2025-0309-219', 'XII TKJ-2', NULL, NULL, 'Lulus', '2025-05-04 13:59:48', NULL),
(287, 4, 'VITA MAE FANY', NULL, NULL, '13931', '0084609241', '2025-0309-220', 'XII TKJ-2', NULL, NULL, 'Lulus', '2025-05-04 13:59:48', NULL),
(288, 4, 'WANDA RACHMATIKA', NULL, NULL, '13932', '0074458816', '2025-0309-221', 'XII TKJ-2', NULL, NULL, 'Lulus', '2025-05-04 13:59:48', NULL),
(289, 4, 'ADINDA RAHMADANI', NULL, NULL, '13933', '0076916831', '2025-0309-222', 'XII TKJ-3', NULL, NULL, 'Lulus', '2025-05-04 13:59:48', NULL),
(290, 4, 'AHNAF DZAKI SAPUTRA', NULL, NULL, '13934', '0078339102', '2025-0309-223', 'XII TKJ-3', NULL, NULL, 'Lulus', '2025-05-04 13:59:48', NULL),
(291, 4, 'AINI ZAHROH', NULL, NULL, '13935', '0072890476', '2025-0309-224', 'XII TKJ-3', NULL, NULL, 'Lulus', '2025-05-04 13:59:48', NULL),
(292, 4, 'AJENG RIZKA MUFIDA', NULL, NULL, '13936', '0084080678', '2025-0309-225', 'XII TKJ-3', NULL, NULL, 'Lulus', '2025-05-04 13:59:48', NULL),
(293, 4, 'ALFIAN DAMAR PAMBUDI', NULL, NULL, '13937', '0079377645', '2025-0309-226', 'XII TKJ-3', NULL, NULL, 'Lulus', '2025-05-04 13:59:48', NULL),
(294, 4, 'ALMEYDA PUTRA ABDILLAH', NULL, NULL, '13938', '0071126569', '2025-0309-227', 'XII TKJ-3', NULL, NULL, 'Lulus', '2025-05-04 13:59:48', NULL),
(295, 4, 'ALVIONITA PRASETYAWATI', NULL, NULL, '13939', '0078766928', '2025-0309-228', 'XII TKJ-3', NULL, NULL, 'Lulus', '2025-05-04 13:59:48', NULL),
(296, 4, 'ANANDA KURNIA DEWI', NULL, NULL, '13940', '3057059614', '2025-0309-229', 'XII TKJ-3', NULL, NULL, 'Lulus', '2025-05-04 13:59:48', NULL),
(297, 4, 'BAGAS ADIO SAPUTRA', NULL, NULL, '13941', '0057649192', '2025-0309-230', 'XII TKJ-3', NULL, NULL, 'Lulus', '2025-05-04 13:59:48', NULL),
(298, 4, 'CELSY INDAR RAHMADANI', NULL, NULL, '13942', '0074898919', '2025-0309-231', 'XII TKJ-3', NULL, NULL, 'Lulus', '2025-05-04 13:59:48', NULL),
(299, 4, 'DITA OCTAVIA', NULL, NULL, '13943', '0071706369', '2025-0309-232', 'XII TKJ-3', NULL, NULL, 'Lulus', '2025-05-04 13:59:48', NULL),
(300, 4, 'FERLYTA AURANESTIA SATRIANSYAH', NULL, NULL, '13945', '0075120783', '2025-0309-233', 'XII TKJ-3', NULL, NULL, 'Lulus', '2025-05-04 13:59:48', NULL),
(301, 4, 'IIN YUNIARTI', NULL, NULL, '13946', '0084767391', '2025-0309-234', 'XII TKJ-3', NULL, NULL, 'Lulus', '2025-05-04 13:59:48', NULL),
(302, 4, 'IMDADUROHMAN', NULL, NULL, '13947', '0077994996', '2025-0309-235', 'XII TKJ-3', NULL, NULL, 'Lulus', '2025-05-04 13:59:48', NULL),
(303, 4, 'ISMA FADILLA', NULL, NULL, '13948', '0071324482', '2025-0309-236', 'XII TKJ-3', NULL, NULL, 'Lulus', '2025-05-04 13:59:48', NULL),
(304, 4, 'LUTPI SUPRIYANTO', NULL, NULL, '13949', '0075820952', '2025-0309-237', 'XII TKJ-3', NULL, NULL, 'Lulus', '2025-05-04 13:59:48', NULL),
(305, 4, 'MASRUROH', NULL, NULL, '13950', '0079157869', '2025-0309-238', 'XII TKJ-3', NULL, NULL, 'Lulus', '2025-05-04 13:59:48', NULL),
(306, 4, 'MEDICA DWI SISMAYASARI', NULL, NULL, '13951', '0078500634', '2025-0309-239', 'XII TKJ-3', NULL, NULL, 'Lulus', '2025-05-04 13:59:48', NULL),
(307, 4, 'MEKAR KURNIAWINASIH', NULL, NULL, '13952', '0074756707', '2025-0309-240', 'XII TKJ-3', NULL, NULL, 'Lulus', '2025-05-04 13:59:48', NULL),
(308, 4, 'MELLY DIAN SAFITRI', NULL, NULL, '13953', '0067753872', '2025-0309-241', 'XII TKJ-3', NULL, NULL, 'Lulus', '2025-05-04 13:59:48', NULL),
(309, 4, 'MUNIROTUL KHUSNA', NULL, NULL, '13954', '0064977627', '2025-0309-242', 'XII TKJ-3', NULL, NULL, 'Lulus', '2025-05-04 13:59:48', NULL),
(310, 4, 'MUTIA DHEANADYA', NULL, NULL, '13955', '0077047815', '2025-0309-243', 'XII TKJ-3', NULL, NULL, 'Lulus', '2025-05-04 13:59:48', NULL),
(311, 4, 'NAHAR FELIK PRASETIYO', NULL, NULL, '13956', '0077183576', '2025-0309-244', 'XII TKJ-3', NULL, NULL, 'Lulus', '2025-05-04 13:59:48', NULL),
(312, 4, 'NUR HAICAL PRASETYO', NULL, NULL, '13957', '0079617216', '2025-0309-245', 'XII TKJ-3', NULL, NULL, 'Lulus', '2025-05-04 13:59:48', NULL),
(313, 4, 'NUR INDAH PRIANTINI', NULL, NULL, '13958', '0078828025', '2025-0309-246', 'XII TKJ-3', NULL, NULL, 'Lulus', '2025-05-04 13:59:48', NULL),
(314, 4, 'OKANE NIHON PRIMAJANI', NULL, NULL, '13959', '0075016714', '2025-0309-247', 'XII TKJ-3', NULL, NULL, 'Lulus', '2025-05-04 13:59:48', NULL),
(315, 4, 'PRISCA CEASAR MEILANDRY', NULL, NULL, '13960', '0079190292', '2025-0309-248', 'XII TKJ-3', NULL, NULL, 'Lulus', '2025-05-04 13:59:48', NULL),
(316, 4, 'RAFFY VIGO SUNCOKO', NULL, NULL, '13961', '0078353691', '2025-0309-249', 'XII TKJ-3', NULL, NULL, 'Lulus', '2025-05-04 13:59:48', NULL),
(317, 4, 'RESTI ARDIYATI', NULL, NULL, '13962', '0077471936', '2025-0309-250', 'XII TKJ-3', NULL, NULL, 'Lulus', '2025-05-04 13:59:48', NULL),
(318, 4, 'RURI ARDIANSAH', NULL, NULL, '13963', '3054207444', '2025-0309-251', 'XII TKJ-3', NULL, NULL, 'Lulus', '2025-05-04 13:59:48', NULL),
(319, 4, 'SAFARA PUTRI', NULL, NULL, '13964', '0078940667', '2025-0309-252', 'XII TKJ-3', NULL, NULL, 'Lulus', '2025-05-04 13:59:48', NULL),
(320, 4, 'SHISILIA FEBIYANTI', NULL, NULL, '13966', '0076417202', '2025-0309-253', 'XII TKJ-3', NULL, NULL, 'Lulus', '2025-05-04 13:59:48', NULL),
(321, 4, 'SILFIANA SUKMA WIJAYANTI', NULL, NULL, '13967', '0074386541', '2025-0309-254', 'XII TKJ-3', NULL, NULL, 'Lulus', '2025-05-04 13:59:48', NULL),
(322, 4, 'TIARA SEKTI WAHYUNI', NULL, NULL, '13968', '0061974329', '2025-0309-255', 'XII TKJ-3', NULL, NULL, 'Lulus', '2025-05-04 13:59:48', NULL),
(323, 4, 'VARISA APRILIA', NULL, NULL, '13969', '0072265692', '2025-0309-256', 'XII TKJ-3', NULL, NULL, 'Lulus', '2025-05-04 13:59:48', NULL),
(324, 4, 'YENNI KUSSUMA MUKTI', NULL, NULL, '13970', '0072235918', '2025-0309-257', 'XII TKJ-3', NULL, NULL, 'Lulus', '2025-05-04 13:59:48', NULL),
(325, 4, 'AINN NUR FATIHAH', NULL, NULL, '13971', '0083971176', '2025-0309-258', 'XII TKJ-4', NULL, NULL, 'Lulus', '2025-05-04 13:59:48', NULL),
(326, 4, 'AIRLANGGA DIAN PERKASA', NULL, NULL, '13972', '0084886846', '2025-0309-259', 'XII TKJ-4', NULL, NULL, 'Lulus', '2025-05-04 13:59:48', NULL),
(327, 4, 'ALIFIA ANGGITA WAHDANI', NULL, NULL, '13973', '0086918390', '2025-0309-260', 'XII TKJ-4', NULL, NULL, 'Lulus', '2025-05-04 13:59:48', NULL),
(328, 4, 'ALIKA APRILIANA', NULL, NULL, '13974', '0072691009', '2025-0309-261', 'XII TKJ-4', NULL, NULL, 'Lulus', '2025-05-04 13:59:48', NULL),
(329, 4, 'ARI RAMADANI', NULL, NULL, '13975', '0066445254', '2025-0309-262', 'XII TKJ-4', NULL, NULL, 'Lulus', '2025-05-04 13:59:48', NULL),
(330, 4, 'CAROLINE MAYGITA IMANUELLA', NULL, NULL, '13976', '0073351829', '2025-0309-263', 'XII TKJ-4', NULL, NULL, 'Lulus', '2025-05-04 13:59:48', NULL),
(331, 4, 'DEA ALFI WULANDARI', NULL, NULL, '13977', '0078278937', '2025-0309-264', 'XII TKJ-4', NULL, NULL, 'Lulus', '2025-05-04 13:59:48', NULL),
(332, 4, 'DENITA YOGI FERNANDA PUTRI', NULL, NULL, '13978', '0077495028', '2025-0309-265', 'XII TKJ-4', NULL, NULL, 'Lulus', '2025-05-04 13:59:48', NULL),
(333, 4, 'DYNNA RESTIKA PURMIATI', NULL, NULL, '13979', '0069449209', '2025-0309-266', 'XII TKJ-4', NULL, NULL, 'Lulus', '2025-05-04 13:59:48', NULL),
(334, 4, 'ELBI NUR TOFIK', NULL, NULL, '13980', '0074209308', '2025-0309-267', 'XII TKJ-4', NULL, NULL, 'Lulus', '2025-05-04 13:59:48', NULL),
(335, 4, 'FAJAR ISMAN DHANI', NULL, NULL, '13981', '0073488152', '2025-0309-268', 'XII TKJ-4', NULL, NULL, 'Lulus', '2025-05-04 13:59:48', NULL),
(336, 4, 'INDAH RISMAWATI', NULL, NULL, '13982', '0075170007', '2025-0309-269', 'XII TKJ-4', NULL, NULL, 'Lulus', '2025-05-04 13:59:48', NULL),
(337, 4, 'INDRI DIANA AWALIYAH', NULL, NULL, '13983', '0071680494', '2025-0309-270', 'XII TKJ-4', NULL, NULL, 'Lulus', '2025-05-04 13:59:48', NULL),
(338, 4, 'IVANDY KHOERUL UMAM', NULL, NULL, '13984', '0076323139', '2025-0309-271', 'XII TKJ-4', NULL, NULL, 'Lulus', '2025-05-04 13:59:48', NULL),
(339, 4, 'KEYZA RETNO SARI', NULL, NULL, '13985', '0088892214', '2025-0309-272', 'XII TKJ-4', NULL, NULL, 'Lulus', '2025-05-04 13:59:48', NULL),
(340, 4, 'KHALIF ATWA SATRIANI', NULL, NULL, '13986', '0065918776', '2025-0309-273', 'XII TKJ-4', NULL, NULL, 'Lulus', '2025-05-04 13:59:48', NULL),
(341, 4, 'LUBNAH MAEDA TRIANA', NULL, NULL, '13987', '0084773980', '2025-0309-274', 'XII TKJ-4', NULL, NULL, 'Lulus', '2025-05-04 13:59:48', NULL),
(342, 4, 'MAIDHO KHASANAH', NULL, NULL, '13988', '0072513771', '2025-0309-275', 'XII TKJ-4', NULL, NULL, 'Lulus', '2025-05-04 13:59:48', NULL),
(343, 4, 'MUHAMMAD MIFTAHUL RIZKY', NULL, NULL, '13989', '0079599131', '2025-0309-276', 'XII TKJ-4', NULL, NULL, 'Lulus', '2025-05-04 13:59:48', NULL),
(344, 4, 'NABILA PUTRI HANIFA', NULL, NULL, '13990', '0067537114', '2025-0309-277', 'XII TKJ-4', NULL, NULL, 'Lulus', '2025-05-04 13:59:48', NULL),
(345, 4, 'NAELA NOVITA SAPUTRI', NULL, NULL, '13991', '0075270547', '2025-0309-278', 'XII TKJ-4', NULL, NULL, 'Lulus', '2025-05-04 13:59:48', NULL),
(346, 4, 'NANDA EVRILIA AMBAR SARI', NULL, NULL, '14153', '0071551874', '2025-0309-279', 'XII TKJ-4', NULL, NULL, 'Lulus', '2025-05-04 13:59:48', NULL),
(347, 4, 'NATASYA EKA RAHMAWATI', NULL, NULL, '13992', '0063573406', '2025-0309-280', 'XII TKJ-4', NULL, NULL, 'Lulus', '2025-05-04 13:59:48', NULL),
(348, 4, 'RESKA WAHYU NINGSIH', NULL, NULL, '13993', '0061165182', '2025-0309-281', 'XII TKJ-4', NULL, NULL, 'Lulus', '2025-05-04 13:59:48', NULL),
(349, 4, 'RISMAULY RISTIANTY', NULL, NULL, '13994', '0079503225', '2025-0309-282', 'XII TKJ-4', NULL, NULL, 'Lulus', '2025-05-04 13:59:48', NULL),
(350, 4, 'SABAN PRIYATNO', NULL, NULL, '13995', '0072287535', '2025-0309-283', 'XII TKJ-4', NULL, NULL, 'Lulus', '2025-05-04 13:59:48', NULL),
(351, 4, 'SETYA ISMA NURJANAH', NULL, NULL, '13996', '0075081114', '2025-0309-284', 'XII TKJ-4', NULL, NULL, 'Lulus', '2025-05-04 13:59:48', NULL),
(352, 4, 'SRI WULANDARI', NULL, NULL, '13997', '0067299462', '2025-0309-285', 'XII TKJ-4', NULL, NULL, 'Lulus', '2025-05-04 13:59:48', NULL),
(353, 4, 'SULTHAN DZAKY ANGGARA', NULL, NULL, '13998', '0065107193', '2025-0309-286', 'XII TKJ-4', NULL, NULL, 'Lulus', '2025-05-04 13:59:48', NULL),
(354, 4, 'SULTON MALIK WIBISONO', NULL, NULL, '13999', '0044288332', '2025-0309-287', 'XII TKJ-4', NULL, NULL, 'Lulus', '2025-05-04 13:59:48', NULL),
(355, 4, 'SURYA AKBAR RAFSANJANI', NULL, NULL, '14000', '0076651719', '2025-0309-288', 'XII TKJ-4', NULL, NULL, 'Lulus', '2025-05-04 13:59:48', NULL),
(356, 4, 'SURYO ADJI NUGROHO', NULL, NULL, '14001', '0078463923', '2025-0309-289', 'XII TKJ-4', NULL, NULL, 'Lulus', '2025-05-04 13:59:48', NULL),
(357, 4, 'TRI PUJI ASTUTI', NULL, NULL, '14002', '0074433199', '2025-0309-290', 'XII TKJ-4', NULL, NULL, 'Lulus', '2025-05-04 13:59:48', NULL),
(358, 4, 'TRIANA FEBRIANTI', NULL, NULL, '14003', '0071293670', '2025-0309-291', 'XII TKJ-4', NULL, NULL, 'Lulus', '2025-05-04 13:59:48', NULL),
(359, 4, 'VELYA TRI HAPSARI', NULL, NULL, '14005', '0073974453', '2025-0309-292', 'XII TKJ-4', NULL, NULL, 'Lulus', '2025-05-04 13:59:48', NULL),
(360, 4, 'VINA MELIA PUTRI', NULL, NULL, '14006', '0069913995', '2025-0309-293', 'XII TKJ-4', NULL, NULL, 'Lulus', '2025-05-04 13:59:48', NULL),
(361, 4, 'ZULFA AINUN NIDA', NULL, NULL, '14007', '0078681949', '2025-0309-294', 'XII TKJ-4', NULL, NULL, 'Lulus', '2025-05-04 13:59:48', NULL),
(362, 4, 'ADI SURYA AKBAR', NULL, NULL, '14008', '0075532412', '2025-0309-295', 'XII TKR-1', NULL, NULL, 'Lulus', '2025-05-04 13:59:48', NULL),
(363, 4, 'ADITIYA FADILAH IRFANSYAH', NULL, NULL, '14009', '0079676322', '2025-0309-296', 'XII TKR-1', NULL, NULL, 'Lulus', '2025-05-04 13:59:48', NULL),
(364, 4, 'AGIL FERNANDA PRASETYA', NULL, NULL, '14010', '0063602948', '2025-0309-297', 'XII TKR-1', NULL, NULL, 'Lulus', '2025-05-04 13:59:48', NULL),
(365, 4, 'AJI FERNANTO', NULL, NULL, '14011', '0072206166', '2025-0309-298', 'XII TKR-1', NULL, NULL, 'Lulus', '2025-05-04 13:59:48', NULL),
(366, 4, 'ALEX FIRMANSYAH', NULL, NULL, '14012', '0062294408', '2025-0309-299', 'XII TKR-1', NULL, NULL, 'Lulus', '2025-05-04 13:59:48', NULL),
(367, 4, 'ALIF KURNIAWAN FEBRIANSYAH', NULL, NULL, '14013', '0077645995', '2025-0309-300', 'XII TKR-1', NULL, NULL, 'Lulus', '2025-05-04 13:59:48', NULL),
(368, 4, 'ANDIKA DWI KURNIAWAN', NULL, NULL, '14014', '0076203138', '2025-0309-301', 'XII TKR-1', NULL, NULL, 'Lulus', '2025-05-04 13:59:48', NULL),
(369, 4, 'ARYADIGUNA', NULL, NULL, '14015', '0075024910', '2025-0309-302', 'XII TKR-1', NULL, NULL, 'Lulus', '2025-05-04 13:59:48', NULL),
(370, 4, 'BIMO MEICALANDRI', NULL, NULL, '14016', '0067103846', '2025-0309-303', 'XII TKR-1', NULL, NULL, 'Lulus', '2025-05-04 13:59:48', NULL),
(371, 4, 'CHOIRUL NURFADILAH', NULL, NULL, '14017', '0067563569', '2025-0309-304', 'XII TKR-1', NULL, NULL, 'Lulus', '2025-05-04 13:59:48', NULL),
(372, 4, 'DESTA RAFLI ARDIANSYAH', NULL, NULL, '14018', '0064906299', '2025-0309-305', 'XII TKR-1', NULL, NULL, 'Lulus', '2025-05-04 13:59:48', NULL),
(373, 4, 'DIMAS ADI SAPUTRA', NULL, NULL, '14019', '0077396274', '2025-0309-306', 'XII TKR-1', NULL, NULL, 'Lulus', '2025-05-04 13:59:48', NULL),
(374, 4, 'DIMAS ADIT KURNIAWAN', NULL, NULL, '14020', '0063897706', '2025-0309-307', 'XII TKR-1', NULL, NULL, 'Lulus', '2025-05-04 13:59:48', NULL),
(375, 4, 'EFANDI AREL PRATAMA', NULL, NULL, '14021', '0074413563', '2025-0309-308', 'XII TKR-1', NULL, NULL, 'Lulus', '2025-05-04 13:59:48', NULL),
(376, 4, 'ERGIANSAH SAKI ALFAHRI', NULL, NULL, '14022', '0058287250', '2025-0309-309', 'XII TKR-1', NULL, NULL, 'Lulus', '2025-05-04 13:59:48', NULL),
(377, 4, 'GUSTI WISNU AJI', NULL, NULL, '14023', '0072787829', '2025-0309-310', 'XII TKR-1', NULL, NULL, 'Lulus', '2025-05-04 13:59:48', NULL),
(378, 4, 'HAIKAL IMAM SANTOSO', NULL, NULL, '14024', '0077363944', '2025-0309-311', 'XII TKR-1', NULL, NULL, 'Lulus', '2025-05-04 13:59:48', NULL),
(379, 4, 'ILHAM FAIZAL AKBAR', NULL, NULL, '14025', '0089528188', '2025-0309-312', 'XII TKR-1', NULL, NULL, 'Lulus', '2025-05-04 13:59:48', NULL),
(380, 4, 'IQBAL AGUS SETIAWAN', NULL, NULL, '14026', '0073340651', '2025-0309-313', 'XII TKR-1', NULL, NULL, 'Lulus', '2025-05-04 13:59:48', NULL),
(381, 4, 'MOHAMMAD RIZQI ASAVIQ', NULL, NULL, '14027', '0057602499', '2025-0309-314', 'XII TKR-1', NULL, NULL, 'Lulus', '2025-05-04 13:59:48', NULL),
(382, 4, 'MUHAMAD RIFKI ALI MAHTUM', NULL, NULL, '14028', '0076152890', '2025-0309-315', 'XII TKR-1', NULL, NULL, 'Lulus', '2025-05-04 13:59:48', NULL),
(383, 4, 'NOVAN MUFTI NUGROHO', NULL, NULL, '14029', '0074640650', '2025-0309-316', 'XII TKR-1', NULL, NULL, 'Lulus', '2025-05-04 13:59:48', NULL),
(384, 4, 'RAFLI IGUH SAPUTRA', NULL, NULL, '14030', '0061920898', '2025-0309-317', 'XII TKR-1', NULL, NULL, 'Lulus', '2025-05-04 13:59:48', NULL),
(385, 4, 'RIAN AJI PRAYITNO', NULL, NULL, '14031', '0046574356', '2025-0309-318', 'XII TKR-1', NULL, NULL, 'Lulus', '2025-05-04 13:59:48', NULL),
(386, 4, 'RIZKI SYAHPUTRO', NULL, NULL, '14032', '0077281120', '2025-0309-319', 'XII TKR-1', NULL, NULL, 'Lulus', '2025-05-04 13:59:48', NULL),
(387, 4, 'SAIFUL ANAM MUSTOFA', NULL, NULL, '14033', '0074625937', '2025-0309-320', 'XII TKR-1', NULL, NULL, 'Lulus', '2025-05-04 13:59:48', NULL),
(388, 4, 'SIGIT CAHYONO', NULL, NULL, '14034', '0067695699', '2025-0309-321', 'XII TKR-1', NULL, NULL, 'Lulus', '2025-05-04 13:59:48', NULL),
(389, 4, 'SYAIFUL AZIS RAMADHAN', NULL, NULL, '14035', '0053437156', '2025-0309-322', 'XII TKR-1', NULL, NULL, 'Lulus', '2025-05-04 13:59:48', NULL),
(390, 4, 'SYUKUR FERNANDI SAPUTRA', NULL, NULL, '14036', '0062026128', '2025-0309-323', 'XII TKR-1', NULL, NULL, 'Lulus', '2025-05-04 13:59:48', NULL),
(391, 4, 'TOBRIYAN', NULL, NULL, '14037', '0065009554', '2025-0309-324', 'XII TKR-1', NULL, NULL, 'Lulus', '2025-05-04 13:59:48', NULL),
(392, 4, 'UGYA FENEMUAN', NULL, NULL, '14038', '0067618395', '2025-0309-325', 'XII TKR-1', NULL, NULL, 'Lulus', '2025-05-04 13:59:48', NULL),
(393, 4, 'WAHYU AGUSTIAN', NULL, NULL, '14039', '0062691387', '2025-0309-326', 'XII TKR-1', NULL, NULL, 'Lulus', '2025-05-04 13:59:48', NULL),
(394, 4, 'WARAS SETIA BUDI', NULL, NULL, '14040', '0067675144', '2025-0309-327', 'XII TKR-1', NULL, NULL, 'Lulus', '2025-05-04 13:59:48', NULL),
(395, 4, 'WILDAN AJIE WARDANU', NULL, NULL, '14041', '0074027230', '2025-0309-328', 'XII TKR-1', NULL, NULL, 'Lulus', '2025-05-04 13:59:48', NULL),
(396, 4, 'ZHAKY DIVA PERMANA', NULL, NULL, '14042', '0066427645', '2025-0309-329', 'XII TKR-1', NULL, NULL, 'Lulus', '2025-05-04 13:59:48', NULL),
(397, 4, 'ALDO ARMANSYAH', NULL, NULL, '14043', '3065969248', '2025-0309-330', 'XII TKR-2', NULL, NULL, 'Lulus', '2025-05-04 13:59:48', NULL),
(398, 4, 'ALIF PANDU PRABOWO', NULL, NULL, '14044', '0068069264', '2025-0309-331', 'XII TKR-2', NULL, NULL, 'Lulus', '2025-05-04 13:59:48', NULL),
(399, 4, 'ARBI BARI ISFANDI', NULL, NULL, '14045', '0072864454', '2025-0309-332', 'XII TKR-2', NULL, NULL, 'Lulus', '2025-05-04 13:59:48', NULL),
(400, 4, 'ARIF SEPTIA RAMADAN', NULL, NULL, '14046', '0076342597', '2025-0309-333', 'XII TKR-2', NULL, NULL, 'Lulus', '2025-05-04 13:59:48', NULL),
(401, 4, 'BAIDIL MUNTOYA', NULL, NULL, '14047', '0074673367', '2025-0309-334', 'XII TKR-2', NULL, NULL, 'Lulus', '2025-05-04 13:59:48', NULL),
(402, 4, 'DAFA SETIAWAN', NULL, NULL, '14048', '0066970057', '2025-0309-335', 'XII TKR-2', NULL, NULL, 'Lulus', '2025-05-04 13:59:48', NULL),
(403, 4, 'DAFFA TAUFIQUR RAHMAN', NULL, NULL, '14049', '0064526110', '2025-0309-336', 'XII TKR-2', NULL, NULL, 'Lulus', '2025-05-04 13:59:48', NULL),
(404, 4, 'DAFIT SETIADI', NULL, NULL, '14050', '0063349898', '2025-0309-337', 'XII TKR-2', NULL, NULL, 'Lulus', '2025-05-04 13:59:48', NULL),
(405, 4, 'DESTA WINKY PRANATA', NULL, NULL, '14051', '0067698110', '2025-0309-338', 'XII TKR-2', NULL, NULL, 'Lulus', '2025-05-04 13:59:48', NULL),
(406, 4, 'DIKI PANGESTU', NULL, NULL, '14052', '0072317776', '2025-0309-339', 'XII TKR-2', NULL, NULL, 'Lulus', '2025-05-04 13:59:48', NULL),
(407, 4, 'ERIC ERLANGGA', NULL, NULL, '14053', '0073255197', '2025-0309-340', 'XII TKR-2', NULL, NULL, 'Lulus', '2025-05-04 13:59:48', NULL),
(408, 4, 'EXTA INSAN PRIATAMA', NULL, NULL, '14054', '0081264211', '2025-0309-341', 'XII TKR-2', NULL, NULL, 'Lulus', '2025-05-04 13:59:48', NULL),
(409, 4, 'FAJAR PRIYONO', NULL, NULL, '14055', '0063303474', '2025-0309-342', 'XII TKR-2', NULL, NULL, 'Lulus', '2025-05-04 13:59:48', NULL),
(410, 4, 'FARREL MEIANSYAH ADHIPRANATA', NULL, NULL, '14056', '0072925901', '2025-0309-343', 'XII TKR-2', NULL, NULL, 'Lulus', '2025-05-04 13:59:48', NULL),
(411, 4, 'FELIK DIRGANTARA', NULL, NULL, '14057', '0079374293', '2025-0309-344', 'XII TKR-2', NULL, NULL, 'Lulus', '2025-05-04 13:59:48', NULL),
(412, 4, 'GILANG ARDIANSYAH SAPUTRA', NULL, NULL, '14058', '0069512299', '2025-0309-345', 'XII TKR-2', NULL, NULL, 'Lulus', '2025-05-04 13:59:48', NULL),
(413, 4, 'HAFIS WISNU PRATAMA', NULL, NULL, '14059', '0075323615', '2025-0309-346', 'XII TKR-2', NULL, NULL, 'Lulus', '2025-05-04 13:59:48', NULL),
(414, 4, 'HAGY ALBARI', NULL, NULL, '14060', '0062197685', '2025-0309-347', 'XII TKR-2', NULL, NULL, 'Lulus', '2025-05-04 13:59:48', NULL),
(415, 4, 'HENDRA SAPUTRA', NULL, NULL, '14061', '0045815996', '2025-0309-348', 'XII TKR-2', NULL, NULL, 'Lulus', '2025-05-04 13:59:48', NULL),
(416, 4, 'HILBRAM ZAENUR RAHMAN', NULL, NULL, '14062', '0074539008', '2025-0309-349', 'XII TKR-2', NULL, NULL, 'Lulus', '2025-05-04 13:59:48', NULL),
(417, 4, 'ILHAM FIKRI NUROHMAT', NULL, NULL, '14063', '0076606482', '2025-0309-350', 'XII TKR-2', NULL, NULL, 'Lulus', '2025-05-04 13:59:48', NULL),
(418, 4, 'IRFAN ARDI RIANTO', NULL, NULL, '14064', '0064961109', '2025-0309-351', 'XII TKR-2', NULL, NULL, 'Lulus', '2025-05-04 13:59:48', NULL),
(419, 4, 'IVANS ARIS MUNANDAR', NULL, NULL, '14065', '0071357176', '2025-0309-352', 'XII TKR-2', NULL, NULL, 'Lulus', '2025-05-04 13:59:48', NULL),
(420, 4, 'RAKA', NULL, NULL, '14066', '0086886663', '2025-0309-353', 'XII TKR-2', NULL, NULL, 'Lulus', '2025-05-04 13:59:48', NULL),
(421, 4, 'ROFIQ MUTTAQIN', NULL, NULL, '14068', '0068228643', '2025-0309-354', 'XII TKR-2', NULL, NULL, 'Lulus', '2025-05-04 13:59:48', NULL),
(422, 4, 'SIGIT PRIYANTO', NULL, NULL, '14069', '0073453936', '2025-0309-355', 'XII TKR-2', NULL, NULL, 'Lulus', '2025-05-04 13:59:48', NULL),
(423, 4, 'TAUFIK HIDAYAT', NULL, NULL, '14070', '0074163109', '2025-0309-356', 'XII TKR-2', NULL, NULL, 'Lulus', '2025-05-04 13:59:48', NULL),
(424, 4, 'TOFIK ALFA RISKI', NULL, NULL, '14071', '0052892362', '2025-0309-357', 'XII TKR-2', NULL, NULL, 'Lulus', '2025-05-04 13:59:48', NULL),
(425, 4, 'VANDI KRISDI ANSYAH', NULL, NULL, '14072', '0068989028', '2025-0309-358', 'XII TKR-2', NULL, NULL, 'Lulus', '2025-05-04 13:59:48', NULL),
(426, 4, 'WAHYU YULIANTO', NULL, NULL, '14073', '0076226551', '2025-0309-359', 'XII TKR-2', NULL, NULL, 'Lulus', '2025-05-04 13:59:48', NULL),
(427, 4, 'WISNU ADISAPUTRA', NULL, NULL, '14074', '0055134944', '2025-0309-360', 'XII TKR-2', NULL, NULL, 'Lulus', '2025-05-04 13:59:48', NULL),
(428, 4, 'YUSUP DINAR SOFYANZAH', NULL, NULL, '14075', '0077254714', '2025-0309-361', 'XII TKR-2', NULL, NULL, 'Lulus', '2025-05-04 13:59:48', NULL),
(429, 4, 'ZAKY AKHMAD ROBBANY RUZIQ', NULL, NULL, '14076', '0079143551', '2025-0309-362', 'XII TKR-2', NULL, NULL, 'Lulus', '2025-05-04 13:59:48', NULL),
(430, 4, 'ZAMHARI', NULL, NULL, '14077', '0074598483', '2025-0309-363', 'XII TKR-2', NULL, NULL, 'Lulus', '2025-05-04 13:59:48', NULL),
(431, 4, 'AFIT ESA SAPUTRA', NULL, NULL, '14078', '0077925987', '2025-0309-364', 'XII TKR-3', NULL, NULL, 'Lulus', '2025-05-04 13:59:48', NULL),
(432, 4, 'AKHSAN JAMZURI', NULL, NULL, '14079', '0068064338', '2025-0309-365', 'XII TKR-3', NULL, NULL, 'Lulus', '2025-05-04 13:59:48', NULL),
(433, 4, 'ALFIN SAPUTRA', NULL, NULL, '14080', '0064669564', '2025-0309-366', 'XII TKR-3', NULL, NULL, 'Lulus', '2025-05-04 13:59:48', NULL),
(434, 4, 'ALIF BAGUS NURALIM', NULL, NULL, '14081', '0056796887', '2025-0309-367', 'XII TKR-3', NULL, NULL, 'Lulus', '2025-05-04 13:59:48', NULL),
(435, 4, 'ARDI EKA FATHUR ROKHMAN', NULL, NULL, '14082', '0067632777', '2025-0309-368', 'XII TKR-3', NULL, NULL, 'Lulus', '2025-05-04 13:59:48', NULL),
(436, 4, 'ARJUNA NIKO FERDIAN', NULL, NULL, '14083', '0052754948', '2025-0309-369', 'XII TKR-3', NULL, NULL, 'Lulus', '2025-05-04 13:59:48', NULL),
(437, 4, 'BAGAS RAINENDAR', NULL, NULL, '14084', '0074817361', '2025-0309-370', 'XII TKR-3', NULL, NULL, 'Lulus', '2025-05-04 13:59:48', NULL);
INSERT INTO `siswa` (`id`, `user_id`, `nama_lengkap`, `tempat_lahir`, `tanggal_lahir`, `nis`, `nisn`, `no_ujian`, `kelas`, `nama_ortu`, `rata_rata`, `status`, `created_at`, `updated_at`) VALUES
(438, 4, 'BINTANG FEBRIANTO SAPUTRO', NULL, NULL, '14085', '0076991911', '2025-0309-371', 'XII TKR-3', NULL, NULL, 'Lulus', '2025-05-04 13:59:48', NULL),
(439, 4, 'CHUNES TRIYATNO', NULL, NULL, '14086', '0061493331', '2025-0309-372', 'XII TKR-3', NULL, NULL, 'Lulus', '2025-05-04 13:59:48', NULL),
(440, 4, 'DIMAS KUSUMAWARDANA', NULL, NULL, '14087', '0064470116', '2025-0309-373', 'XII TKR-3', NULL, NULL, 'Lulus', '2025-05-04 13:59:48', NULL),
(441, 4, 'EDO FEBRIANTO', NULL, NULL, '14088', '0063964102', '2025-0309-374', 'XII TKR-3', NULL, NULL, 'Lulus', '2025-05-04 13:59:48', NULL),
(442, 4, 'FAIZ RIZKY KURNIAWAN', NULL, NULL, '14090', '0069476170', '2025-0309-375', 'XII TKR-3', NULL, NULL, 'Lulus', '2025-05-04 13:59:48', NULL),
(443, 4, 'FAIZH KHUROHMAN', NULL, NULL, '14089', '0067656094', '2025-0309-376', 'XII TKR-3', NULL, NULL, 'Lulus', '2025-05-04 13:59:48', NULL),
(444, 4, 'FEBRI ANSYAH', NULL, NULL, '14091', '0064540458', '2025-0309-377', 'XII TKR-3', NULL, NULL, 'Lulus', '2025-05-04 13:59:48', NULL),
(445, 4, 'MAHMUD ARIFIN', NULL, NULL, '14092', '0068488180', '2025-0309-378', 'XII TKR-3', NULL, NULL, 'Lulus', '2025-05-04 13:59:48', NULL),
(446, 4, 'MUHAMMAD IKHSAN ADZKIYA', NULL, NULL, '14093', '0077428980', '2025-0309-379', 'XII TKR-3', NULL, NULL, 'Lulus', '2025-05-04 13:59:48', NULL),
(447, 4, 'MUJI SETIAWAN', NULL, NULL, '14095', '0052219051', '2025-0309-380', 'XII TKR-3', NULL, NULL, 'Lulus', '2025-05-04 13:59:48', NULL),
(448, 4, 'NANDA SAPUTRA', NULL, NULL, '14096', '0062442129', '2025-0309-381', 'XII TKR-3', NULL, NULL, 'Lulus', '2025-05-04 13:59:48', NULL),
(449, 4, 'NANDO SAPUTRO', NULL, NULL, '14097', '0066673432', '2025-0309-382', 'XII TKR-3', NULL, NULL, 'Lulus', '2025-05-04 13:59:48', NULL),
(450, 4, 'RAFLI FAIZAL PRASETYA', NULL, NULL, '14098', '0064119386', '2025-0309-383', 'XII TKR-3', NULL, NULL, 'Lulus', '2025-05-04 13:59:48', NULL),
(451, 4, 'REIKHAN HAIKAL WAFII', NULL, NULL, '14100', '0078543000', '2025-0309-384', 'XII TKR-3', NULL, NULL, 'Lulus', '2025-05-04 13:59:48', NULL),
(452, 4, 'RENDRA ADHI NUGROHO', NULL, NULL, '14101', '0071435942', '2025-0309-385', 'XII TKR-3', NULL, NULL, 'Lulus', '2025-05-04 13:59:48', NULL),
(453, 4, 'RIVALDI FATTAH RIZKI', NULL, NULL, '14102', '0077701253', '2025-0309-386', 'XII TKR-3', NULL, NULL, 'Lulus', '2025-05-04 13:59:48', NULL),
(454, 4, 'RIZKY DWI OKTAVIANTO', NULL, NULL, '14103', '0068484333', '2025-0309-387', 'XII TKR-3', NULL, NULL, 'Lulus', '2025-05-04 13:59:48', NULL),
(455, 4, 'SLAMET TURYONO', NULL, NULL, '14104', '0064638252', '2025-0309-388', 'XII TKR-3', NULL, NULL, 'Lulus', '2025-05-04 13:59:48', NULL),
(456, 4, 'TEGAR BAGUS PRATAMA', NULL, NULL, '14105', '0073857567', '2025-0309-389', 'XII TKR-3', NULL, NULL, 'Lulus', '2025-05-04 13:59:48', NULL),
(457, 4, 'TEGAR FATHYA RABBANY', NULL, NULL, '14106', '0075325080', '2025-0309-390', 'XII TKR-3', NULL, NULL, 'Lulus', '2025-05-04 13:59:48', NULL),
(458, 4, 'WARSIN NOVERIANTO', NULL, NULL, '14107', '0064454062', '2025-0309-391', 'XII TKR-3', NULL, NULL, 'Lulus', '2025-05-04 13:59:48', NULL),
(459, 4, 'WARSUN NOVERIANTO', NULL, NULL, '14108', '0062073128', '2025-0309-392', 'XII TKR-3', NULL, NULL, 'Lulus', '2025-05-04 13:59:48', NULL),
(460, 4, 'WIDI RASTIONO', NULL, NULL, '14109', '0045050084', '2025-0309-393', 'XII TKR-3', NULL, NULL, 'Lulus', '2025-05-04 13:59:48', NULL),
(461, 4, 'WISNU BAGUS PRASETYO', NULL, NULL, '14110', '0075428232', '2025-0309-394', 'XII TKR-3', NULL, NULL, 'Lulus', '2025-05-04 13:59:48', NULL),
(462, 4, 'YOGI APRILIANTO', NULL, NULL, '14111', '0044415453', '2025-0309-395', 'XII TKR-3', NULL, NULL, 'Lulus', '2025-05-04 13:59:48', NULL),
(463, 4, 'YOPI JULIANTO', NULL, NULL, '14112', '0074589924', '2025-0309-396', 'XII TKR-3', NULL, NULL, 'Lulus', '2025-05-04 13:59:48', NULL),
(464, 4, 'ADITIA OKAN PRATAMA', NULL, NULL, '14113', '0055657553', '2025-0309-397', 'XII TKR-4', NULL, NULL, 'Lulus', '2025-05-04 13:59:48', NULL),
(465, 4, 'ADLI HENDARWAN', NULL, NULL, '14114', '0087028995', '2025-0309-398', 'XII TKR-4', NULL, NULL, 'Lulus', '2025-05-04 13:59:48', NULL),
(466, 4, 'AHMAD MULYO', NULL, NULL, '14116', '0079690490', '2025-0309-399', 'XII TKR-4', NULL, NULL, 'Lulus', '2025-05-04 13:59:48', NULL),
(467, 4, 'AHMAD NUR CAHYA', NULL, NULL, '14117', '0079153502', '2025-0309-400', 'XII TKR-4', NULL, NULL, 'Lulus', '2025-05-04 13:59:48', NULL),
(468, 4, 'AKMAL TRIO SAPUTRO', NULL, NULL, '14118', '0064019145', '2025-0309-401', 'XII TKR-4', NULL, NULL, 'Lulus', '2025-05-04 13:59:48', NULL),
(469, 4, 'AL \'DHINO KURNIA RAMADHAN', NULL, NULL, '14119', '0066091303', '2025-0309-402', 'XII TKR-4', NULL, NULL, 'Lulus', '2025-05-04 13:59:48', NULL),
(470, 4, 'ANDI PRATAMA', NULL, NULL, '14120', '0071004998', '2025-0309-403', 'XII TKR-4', NULL, NULL, 'Lulus', '2025-05-04 13:59:48', NULL),
(471, 4, 'ANDRIAN FIRMANSYAH', NULL, NULL, '14121', '0076791125', '2025-0309-404', 'XII TKR-4', NULL, NULL, 'Lulus', '2025-05-04 13:59:48', NULL),
(472, 4, 'ANGGIT IKA KURNIAWAN', NULL, NULL, '14122', '0067963807', '2025-0309-405', 'XII TKR-4', NULL, NULL, 'Lulus', '2025-05-04 13:59:48', NULL),
(473, 4, 'ARI SAWON SURYANA', NULL, NULL, '14123', '0075421383', '2025-0309-406', 'XII TKR-4', NULL, NULL, 'Lulus', '2025-05-04 13:59:48', NULL),
(474, 4, 'ARMAN YOGA RAKSA', NULL, NULL, '14124', '0087734507', '2025-0309-407', 'XII TKR-4', NULL, NULL, 'Lulus', '2025-05-04 13:59:48', NULL),
(475, 4, 'BRAM KASIMANDIKA', NULL, NULL, '14125', '0082293301', '2025-0309-408', 'XII TKR-4', NULL, NULL, 'Lulus', '2025-05-04 13:59:48', NULL),
(476, 4, 'CATUR PRAYITNO', NULL, NULL, '14126', '0089617443', '2025-0309-409', 'XII TKR-4', NULL, NULL, 'Lulus', '2025-05-04 13:59:48', NULL),
(477, 4, 'DEMA ALAN SAPUTRA', NULL, NULL, '14127', '0068967254', '2025-0309-410', 'XII TKR-4', NULL, NULL, 'Lulus', '2025-05-04 13:59:48', NULL),
(478, 4, 'ERJI BAGAS ARYA PRATAMA', NULL, NULL, '14128', '0074733704', '2025-0309-411', 'XII TKR-4', NULL, NULL, 'Lulus', '2025-05-04 13:59:48', NULL),
(479, 4, 'EVAN DANELLA', NULL, NULL, '14129', '0079009433', '2025-0309-412', 'XII TKR-4', NULL, NULL, 'Lulus', '2025-05-04 13:59:48', NULL),
(480, 4, 'EXCEL ARYANDA VALLENTINO', NULL, NULL, '14130', '0064423853', '2025-0309-413', 'XII TKR-4', NULL, NULL, 'Lulus', '2025-05-04 13:59:48', NULL),
(481, 4, 'FAHRUS ALI MUNTAZA', NULL, NULL, '14131', '0061909641', '2025-0309-414', 'XII TKR-4', NULL, NULL, 'Lulus', '2025-05-04 13:59:48', NULL),
(482, 4, 'FAJAR FATHUR RAHMAN', NULL, NULL, '14132', '0078240705', '2025-0309-415', 'XII TKR-4', NULL, NULL, 'Lulus', '2025-05-04 13:59:48', NULL),
(483, 4, 'FARHAN AJI PANGESTU', NULL, NULL, '14133', '0066046480', '2025-0309-416', 'XII TKR-4', NULL, NULL, 'Lulus', '2025-05-04 13:59:48', NULL),
(484, 4, 'GIBRAN NOVAMRULLOH', NULL, NULL, '14134', '0074391957', '2025-0309-417', 'XII TKR-4', NULL, NULL, 'Lulus', '2025-05-04 13:59:48', NULL),
(485, 4, 'GILANG FEBRIANSYAH', NULL, NULL, '14135', '0068023286', '2025-0309-418', 'XII TKR-4', NULL, NULL, 'Lulus', '2025-05-04 13:59:48', NULL),
(486, 4, 'GILANG RESTU ADI', NULL, NULL, '14136', '0079389946', '2025-0309-419', 'XII TKR-4', NULL, NULL, 'Lulus', '2025-05-04 13:59:48', NULL),
(487, 4, 'IYAN SIDIK ANGGA MAULANA', NULL, NULL, '14137', '0083391518', '2025-0309-420', 'XII TKR-4', NULL, NULL, 'Lulus', '2025-05-04 13:59:48', NULL),
(488, 4, 'MUHAMMAD RIKY RIVALDI', NULL, NULL, '14139', '0046801082', '2025-0309-421', 'XII TKR-4', NULL, NULL, 'Lulus', '2025-05-04 13:59:48', NULL),
(489, 4, 'MUJIATUL SUGENG', NULL, NULL, '14140', '0047217523', '2025-0309-422', 'XII TKR-4', NULL, NULL, 'Lulus', '2025-05-04 13:59:48', NULL),
(490, 4, 'NAKAYA OWEN ANGER DAIRLIARDI', NULL, NULL, '14141', '0062177592', '2025-0309-423', 'XII TKR-4', NULL, NULL, 'Lulus', '2025-05-04 13:59:48', NULL),
(491, 4, 'NOVAN YUDI SETIAWAN', NULL, NULL, '14142', '0078127217', '2025-0309-424', 'XII TKR-4', NULL, NULL, 'Lulus', '2025-05-04 13:59:48', NULL),
(492, 4, 'PANGGIH PANGESTU', NULL, NULL, '14143', '0071986415', '2025-0309-425', 'XII TKR-4', NULL, NULL, 'Lulus', '2025-05-04 13:59:48', NULL),
(493, 4, 'RAGIL PANCA RAHMAT', NULL, NULL, '14144', '0067684867', '2025-0309-426', 'XII TKR-4', NULL, NULL, 'Lulus', '2025-05-04 13:59:48', NULL),
(494, 4, 'RIZKO LINTANG MUKTI', NULL, NULL, '14145', '0052954909', '2025-0309-427', 'XII TKR-4', NULL, NULL, 'Lulus', '2025-05-04 13:59:48', NULL),
(495, 4, 'VIAN ANDHIKA PRATAMA', NULL, NULL, '14146', '0077319563', '2025-0309-428', 'XII TKR-4', NULL, NULL, 'Lulus', '2025-05-04 13:59:48', NULL),
(496, 4, 'WANGUN SETIANING AJI', NULL, NULL, '14147', '0077298852', '2025-0309-429', 'XII TKR-4', NULL, NULL, 'Lulus', '2025-05-04 13:59:48', NULL);

-- --------------------------------------------------------

--
-- Table structure for table `users`
--

CREATE TABLE `users` (
  `id` int(11) NOT NULL,
  `username` varchar(255) DEFAULT NULL,
  `email` varchar(255) NOT NULL,
  `password` varchar(255) DEFAULT NULL,
  `created_at` datetime DEFAULT NULL,
  `updated_at` datetime DEFAULT NULL
) ENGINE=InnoDB DEFAULT CHARSET=utf8mb4 COLLATE=utf8mb4_general_ci;

--
-- Dumping data for table `users`
--

INSERT INTO `users` (`id`, `username`, `email`, `password`, `created_at`, `updated_at`) VALUES
(4, 'admin', '', '$2y$10$sYOAcjFUA1CFvcK.o6sPF.sLqCS18REKt6TPAR18pKlMYRnJfipBu', NULL, NULL);

--
-- Indexes for dumped tables
--

--
-- Indexes for table `countdown`
--
ALTER TABLE `countdown`
  ADD PRIMARY KEY (`id`);

--
-- Indexes for table `jurusan`
--
ALTER TABLE `jurusan`
  ADD PRIMARY KEY (`id`);

--
-- Indexes for table `mata_pelajaran`
--
ALTER TABLE `mata_pelajaran`
  ADD PRIMARY KEY (`id`),
  ADD KEY `fk_jurusan_id` (`jurusan_id`);

--
-- Indexes for table `nilai_siswa`
--
ALTER TABLE `nilai_siswa`
  ADD PRIMARY KEY (`id`),
  ADD KEY `siswa_id` (`siswa_id`),
  ADD KEY `mapel_id` (`mapel_id`);

--
-- Indexes for table `pengaturan`
--
ALTER TABLE `pengaturan`
  ADD PRIMARY KEY (`id`);

--
-- Indexes for table `siswa`
--
ALTER TABLE `siswa`
  ADD PRIMARY KEY (`id`),
  ADD KEY `user_id` (`user_id`);

--
-- Indexes for table `users`
--
ALTER TABLE `users`
  ADD PRIMARY KEY (`id`);

--
-- AUTO_INCREMENT for dumped tables
--

--
-- AUTO_INCREMENT for table `countdown`
--
ALTER TABLE `countdown`
  MODIFY `id` int(11) NOT NULL AUTO_INCREMENT, AUTO_INCREMENT=8;

--
-- AUTO_INCREMENT for table `jurusan`
--
ALTER TABLE `jurusan`
  MODIFY `id` int(11) NOT NULL AUTO_INCREMENT, AUTO_INCREMENT=3;

--
-- AUTO_INCREMENT for table `mata_pelajaran`
--
ALTER TABLE `mata_pelajaran`
  MODIFY `id` int(11) NOT NULL AUTO_INCREMENT, AUTO_INCREMENT=45;

--
-- AUTO_INCREMENT for table `nilai_siswa`
--
ALTER TABLE `nilai_siswa`
  MODIFY `id` int(11) NOT NULL AUTO_INCREMENT, AUTO_INCREMENT=150;

--
-- AUTO_INCREMENT for table `pengaturan`
--
ALTER TABLE `pengaturan`
  MODIFY `id` int(11) NOT NULL AUTO_INCREMENT, AUTO_INCREMENT=2;

--
-- AUTO_INCREMENT for table `siswa`
--
ALTER TABLE `siswa`
  MODIFY `id` int(11) NOT NULL AUTO_INCREMENT, AUTO_INCREMENT=497;

--
-- AUTO_INCREMENT for table `users`
--
ALTER TABLE `users`
  MODIFY `id` int(11) NOT NULL AUTO_INCREMENT, AUTO_INCREMENT=5;

--
-- Constraints for dumped tables
--

--
-- Constraints for table `mata_pelajaran`
--
ALTER TABLE `mata_pelajaran`
  ADD CONSTRAINT `fk_jurusan_id` FOREIGN KEY (`jurusan_id`) REFERENCES `jurusan` (`id`) ON DELETE CASCADE ON UPDATE CASCADE;

--
-- Constraints for table `nilai_siswa`
--
ALTER TABLE `nilai_siswa`
  ADD CONSTRAINT `nilai_siswa_ibfk_1` FOREIGN KEY (`siswa_id`) REFERENCES `siswa` (`id`) ON DELETE CASCADE ON UPDATE CASCADE,
  ADD CONSTRAINT `nilai_siswa_ibfk_2` FOREIGN KEY (`mapel_id`) REFERENCES `mata_pelajaran` (`id`) ON DELETE CASCADE ON UPDATE CASCADE;

--
-- Constraints for table `siswa`
--
ALTER TABLE `siswa`
  ADD CONSTRAINT `siswa_ibfk_1` FOREIGN KEY (`user_id`) REFERENCES `users` (`id`);
COMMIT;

/*!40101 SET CHARACTER_SET_CLIENT=@OLD_CHARACTER_SET_CLIENT */;
/*!40101 SET CHARACTER_SET_RESULTS=@OLD_CHARACTER_SET_RESULTS */;
/*!40101 SET COLLATION_CONNECTION=@OLD_COLLATION_CONNECTION */;
